File.accession	File.format	File.type	File.format.type	Output.type	File.assembly	Experiment.accession	Assay	Biosample.term.id	Biosample.term.name	Biosample.type	Biosample.organism	Biosample.treatments	Biosample.treatments.amount	Biosample.treatments.duration	Biosample.genetic.modifications.methods	Biosample.genetic.modifications.categories	Biosample.genetic.modifications.targets	Biosample.genetic.modifications.gene.targets	Biosample.genetic.modifications.site.coordinates	Biosample.genetic.modifications.zygosity	Experiment.target	Library.made.from	Library.depleted.in	Library.extraction.method	Library.lysis.method	Library.crosslinking.method	Library.strand.specific	Experiment.date.released	Project	RBNS.protein.concentration	Library.fragmentation.method	Library.size.range	Biological.replicate.s.	Technical.replicate.s.	Read.length	Mapped.read.length	Run.type	Paired.end	Paired.with	Index.of	Derived.from	Size	Lab	md5sum	dbxrefs	File.download.URL	Genome.annotation	Platform	Controlled.by	File.Status	s3_uri	File.analysis.title	File.analysis.status	Audit.WARNING	Audit.NOT_COMPLIANT	Audit.ERROR	Life.stage
ENCFF283NJI	bam	bam	NA	alignments	GRCh38	ENCSR630XDN	DNase-seq	CL:0000084	T-cell	primary cell	Homo sapiens	NA	NA	NA	NA	NA	NA	NA	NA	NA	NA	DNA	NA	NA	NA	NA	NA	2020-09-25	ENCODE	NA	NA	NA	1	1_1	NA	NA	NA	NA	NA	NA	/files/ENCFF762MJQ/, /files/ENCFF144VCO/	2503363142	ENCODE Processing Pipeline	aaca848c16ecb59e50bdbef35d7aaa96	NA	https://www.encodeproject.org/files/ENCFF283NJI/@@download/ENCFF283NJI.bam	NA	NA	NA	released	s3://encode-public/2020/09/24/5d770789-9042-4a9c-a731-440bf20e3389/ENCFF283NJI.bam	ENCODE4 v3.0.0-alpha.2 GRCh38	released		NA	NA	Adult
ENCFF715TCC	bam	bam	NA	alignments	GRCh38	ENCSR496UER	DNase-seq	CL:0000084	T-cell	primary cell	Homo sapiens	NA	NA	NA	NA	NA	NA	NA	NA	NA	NA	DNA	NA	NA	NA	NA	NA	2020-09-25	ENCODE	NA	NA	NA	1	1_1	NA	NA	NA	NA	NA	NA	/files/ENCFF762MJQ/, /files/ENCFF886JAW/	2126326420	ENCODE Processing Pipeline	34725192325910f3543a3cac552f7da9	NA	https://www.encodeproject.org/files/ENCFF715TCC/@@download/ENCFF715TCC.bam	NA	NA	NA	released	s3://encode-public/2020/09/24/c5b52d25-ec3c-4403-9e74-a7a4631875e1/ENCFF715TCC.bam	ENCODE4 v3.0.0-alpha.2 GRCh38	released		NA	NA	Adult
ENCFF096GHS	bam	bam	NA	alignments	GRCh38	ENCSR540VTN	DNase-seq	CL:0000084	T-cell	primary cell	Homo sapiens	NA	NA	NA	NA	NA	NA	NA	NA	NA	NA	DNA	NA	NA	NA	NA	NA	2020-09-25	ENCODE	NA	NA	NA	1	1_1	NA	NA	NA	NA	NA	NA	/files/ENCFF899CDE/, /files/ENCFF762MJQ/	2605585263	ENCODE Processing Pipeline	0c2e3bd54d1c4f25aa936e16d554f333	NA	https://www.encodeproject.org/files/ENCFF096GHS/@@download/ENCFF096GHS.bam	NA	NA	NA	released	s3://encode-public/2020/09/24/ef00eefc-aa7d-4823-a781-635ac663407b/ENCFF096GHS.bam	ENCODE4 v3.0.0-alpha.2 GRCh38	released		NA	NA	Adult
ENCFF283USW	bam	bam	NA	alignments	GRCh38	ENCSR627QIA	DNase-seq	CL:0000084	T-cell	primary cell	Homo sapiens	NA	NA	NA	NA	NA	NA	NA	NA	NA	NA	DNA	NA	NA	NA	NA	NA	2020-09-25	ENCODE	NA	NA	NA	1	1_1	NA	NA	NA	NA	NA	NA	/files/ENCFF762MJQ/, /files/ENCFF088GSY/	2216309623	ENCODE Processing Pipeline	5c3eaad1b813a2d6fee46ba8790c529f	NA	https://www.encodeproject.org/files/ENCFF283USW/@@download/ENCFF283USW.bam	NA	NA	NA	released	s3://encode-public/2020/09/24/5765bc98-366f-40c3-96aa-f50fc0b897cd/ENCFF283USW.bam	ENCODE4 v3.0.0-alpha.2 GRCh38	released		NA	NA	Adult
ENCFF845VIU	bam	bam	NA	alignments	GRCh38	ENCSR631XIF	DNase-seq	CL:0000084	T-cell	primary cell	Homo sapiens	NA	NA	NA	NA	NA	NA	NA	NA	NA	NA	DNA	NA	NA	NA	NA	NA	2020-09-25	ENCODE	NA	NA	NA	1	1_1	NA	NA	NA	NA	NA	NA	/files/ENCFF795XYW/, /files/ENCFF762MJQ/	6441293856	ENCODE Processing Pipeline	ca88fef399c0d40564a3c192bc18ddeb	NA	https://www.encodeproject.org/files/ENCFF845VIU/@@download/ENCFF845VIU.bam	NA	NA	NA	released	s3://encode-public/2020/09/24/93603715-8f9c-4b0a-b3a0-42df93eb6f5d/ENCFF845VIU.bam	ENCODE4 v3.0.0-alpha.2 GRCh38	released		NA	NA	Adult
ENCFF293MVC	bam	bam	NA	alignments	GRCh38	ENCSR198UKY	DNase-seq	CL:0000084	T-cell	primary cell	Homo sapiens	NA	NA	NA	NA	NA	NA	NA	NA	NA	NA	DNA	NA	NA	NA	NA	NA	2020-09-25	ENCODE	NA	NA	NA	1	1_1	NA	NA	NA	NA	NA	NA	/files/ENCFF762MJQ/, /files/ENCFF568PCD/	3148980720	ENCODE Processing Pipeline	af28dfa6c3d1d86450b08230515dcff2	NA	https://www.encodeproject.org/files/ENCFF293MVC/@@download/ENCFF293MVC.bam	NA	NA	NA	released	s3://encode-public/2020/09/24/137d25df-d685-4466-a294-091f1dc7fd2a/ENCFF293MVC.bam	ENCODE4 v3.0.0-alpha.2 GRCh38	released		NA	NA	Adult
ENCFF126MXQ	bam	bam	NA	alignments	GRCh38	ENCSR299BQG	DNase-seq	CL:0000084	T-cell	primary cell	Homo sapiens	NA	NA	NA	NA	NA	NA	NA	NA	NA	NA	DNA	NA	NA	NA	NA	NA	2020-09-25	ENCODE	NA	NA	NA	1	1_1	NA	20	NA	NA	NA	NA	/files/ENCFF990FTE/, /files/ENCFF762MJQ/	3893209075	ENCODE Processing Pipeline	0e0c2de09b511f7cb8b77e3d848cef77	NA	https://www.encodeproject.org/files/ENCFF126MXQ/@@download/ENCFF126MXQ.bam	NA	NA	NA	released	s3://encode-public/2020/11/19/9b814883-369d-412f-a301-e9ed54285b04/ENCFF126MXQ.bam	ENCODE4 v3.0.0-alpha.2 GRCh38	released		NA	NA	Adult
ENCFF051GHB	bam	bam	NA	alignments	GRCh38	ENCSR597URK	DNase-seq	CL:0000084	T-cell	primary cell	Homo sapiens	NA	NA	NA	NA	NA	NA	NA	NA	NA	NA	DNA	NA	NA	NA	NA	NA	2020-09-25	ENCODE	NA	NA	NA	1	1_1	NA	NA	NA	NA	NA	NA	/files/ENCFF762MJQ/, /files/ENCFF506GXM/	3462040222	ENCODE Processing Pipeline	313a267634a0561dee03a7db746fca49	NA	https://www.encodeproject.org/files/ENCFF051GHB/@@download/ENCFF051GHB.bam	NA	NA	NA	released	s3://encode-public/2020/09/24/c03fb079-e5dd-426d-8f96-e3178e3f8030/ENCFF051GHB.bam	ENCODE4 v3.0.0-alpha.2 GRCh38	released		NA	NA	Adult
ENCFF547RIP	bam	bam	NA	alignments	GRCh38	ENCSR784RMA	DNase-seq	CL:0000084	T-cell	primary cell	Homo sapiens	NA	NA	NA	NA	NA	NA	NA	NA	NA	NA	DNA	NA	NA	NA	NA	NA	2020-09-25	ENCODE	NA	NA	NA	1	1_1	NA	NA	NA	NA	NA	NA	/files/ENCFF762MJQ/, /files/ENCFF960OUK/	2117159853	ENCODE Processing Pipeline	0832e5c3df0cf8b04a70ee03fcbc0738	NA	https://www.encodeproject.org/files/ENCFF547RIP/@@download/ENCFF547RIP.bam	NA	NA	NA	released	s3://encode-public/2020/09/24/0b8886a4-672f-4757-a86b-05e72aa3de11/ENCFF547RIP.bam	ENCODE4 v3.0.0-alpha.2 GRCh38	released		NA	NA	Adult
ENCFF018HDG	bam	bam	NA	alignments	GRCh38	ENCSR419OAR	DNase-seq	CL:0000084	T-cell	primary cell	Homo sapiens	NA	NA	NA	NA	NA	NA	NA	NA	NA	NA	DNA	NA	NA	NA	NA	NA	2020-09-25	ENCODE	NA	NA	NA	1	1_1	NA	NA	NA	NA	NA	NA	/files/ENCFF060WBQ/, /files/ENCFF762MJQ/	2089243813	ENCODE Processing Pipeline	4b1f099860ff49dcf3502ad2963016b8	NA	https://www.encodeproject.org/files/ENCFF018HDG/@@download/ENCFF018HDG.bam	NA	NA	NA	released	s3://encode-public/2020/09/24/df295f83-3a79-4da5-b07b-b793ce0e7557/ENCFF018HDG.bam	ENCODE4 v3.0.0-alpha.2 GRCh38	released		NA	NA	Adult
ENCFF890PGM	bam	bam	NA	alignments	GRCh38	ENCSR581RSO	DNase-seq	CL:0000084	T-cell	primary cell	Homo sapiens	NA	NA	NA	NA	NA	NA	NA	NA	NA	NA	DNA	NA	NA	NA	NA	NA	2020-09-25	ENCODE	NA	NA	NA	1	1_1	NA	NA	NA	NA	NA	NA	/files/ENCFF762MJQ/, /files/ENCFF563ZAL/	1970852103	ENCODE Processing Pipeline	3744968e51e788e1dc2ba468309291cc	NA	https://www.encodeproject.org/files/ENCFF890PGM/@@download/ENCFF890PGM.bam	NA	NA	NA	released	s3://encode-public/2020/09/24/fc8b291e-48b7-4643-ae23-5297d003a44b/ENCFF890PGM.bam	ENCODE4 v3.0.0-alpha.2 GRCh38	released		NA	NA	Adult
ENCFF108ELD	bam	bam	NA	alignments	GRCh38	ENCSR111LTT	DNase-seq	CL:0000084	T-cell	primary cell	Homo sapiens	NA	NA	NA	NA	NA	NA	NA	NA	NA	NA	DNA	NA	NA	NA	NA	NA	2020-10-02	ENCODE	NA	NA	NA	1	1_1	NA	NA	NA	NA	NA	NA	/files/ENCFF762MJQ/, /files/ENCFF979KXP/	3593568115	ENCODE Processing Pipeline	716e05b0991b8b10a580c8499e13c54c	NA	https://www.encodeproject.org/files/ENCFF108ELD/@@download/ENCFF108ELD.bam	NA	NA	NA	released	s3://encode-public/2020/09/28/dd714331-7d2f-4b51-b947-f0561ca11c53/ENCFF108ELD.bam	ENCODE4 v3.0.0-alpha.2 GRCh38	released		NA	NA	Adult
ENCFF278OYI	bam	bam	NA	alignments	GRCh38	ENCSR342OGI	DNase-seq	CL:0000084	T-cell	primary cell	Homo sapiens	NA	NA	NA	NA	NA	NA	NA	NA	NA	NA	DNA	NA	NA	NA	NA	NA	2020-09-25	ENCODE	NA	NA	NA	1	1_1	NA	NA	NA	NA	NA	NA	/files/ENCFF762MJQ/, /files/ENCFF516RRG/	2221467817	ENCODE Processing Pipeline	81f1bcbddb8a7e63924a0d0d3ab90a93	NA	https://www.encodeproject.org/files/ENCFF278OYI/@@download/ENCFF278OYI.bam	NA	NA	NA	released	s3://encode-public/2020/09/24/56750250-d63d-4a96-814d-2d4132576bc0/ENCFF278OYI.bam	ENCODE4 v3.0.0-alpha.2 GRCh38	released		NA	NA	Adult
ENCFF288WLP	bam	bam	NA	alignments	GRCh38	ENCSR396ZIN	DNase-seq	CL:0000084	T-cell	primary cell	Homo sapiens	NA	NA	NA	NA	NA	NA	NA	NA	NA	NA	DNA	NA	NA	NA	NA	NA	2020-09-25	ENCODE	NA	NA	NA	1	1_1	NA	NA	NA	NA	NA	NA	/files/ENCFF762MJQ/, /files/ENCFF705PIE/	2533903906	ENCODE Processing Pipeline	819af2757a5a8a2fdda64ed83bdbd236	NA	https://www.encodeproject.org/files/ENCFF288WLP/@@download/ENCFF288WLP.bam	NA	NA	NA	released	s3://encode-public/2020/09/24/521cac46-30b9-4ec8-84c8-34acde200a82/ENCFF288WLP.bam	ENCODE4 v3.0.0-alpha.2 GRCh38	released		NA	NA	Adult
ENCFF664LPX	bam	bam	NA	alignments	GRCh38	ENCSR385XHV	DNase-seq	CL:0000084	T-cell	primary cell	Homo sapiens	NA	NA	NA	NA	NA	NA	NA	NA	NA	NA	DNA	NA	NA	NA	NA	NA	2020-09-25	ENCODE	NA	NA	NA	1	1_1	NA	NA	NA	NA	NA	NA	/files/ENCFF762MJQ/, /files/ENCFF870LIJ/	2244710254	ENCODE Processing Pipeline	e3755cf6c288a18a2ee9148913cf3d4b	NA	https://www.encodeproject.org/files/ENCFF664LPX/@@download/ENCFF664LPX.bam	NA	NA	NA	released	s3://encode-public/2020/09/24/b3b7e2c9-a4a0-41f0-8e54-984bbcd84e3d/ENCFF664LPX.bam	ENCODE4 v3.0.0-alpha.2 GRCh38	released		NA	NA	Adult
ENCFF365VAK	bam	bam	NA	alignments	GRCh38	ENCSR541PUY	DNase-seq	CL:0000084	T-cell	primary cell	Homo sapiens	NA	NA	NA	NA	NA	NA	NA	NA	NA	NA	DNA	NA	NA	NA	NA	NA	2020-09-25	ENCODE	NA	NA	NA	1	1_1	NA	NA	NA	NA	NA	NA	/files/ENCFF504PLR/, /files/ENCFF762MJQ/	3330502341	ENCODE Processing Pipeline	906ba3851033d35d6a280a15ca4829d6	NA	https://www.encodeproject.org/files/ENCFF365VAK/@@download/ENCFF365VAK.bam	NA	NA	NA	released	s3://encode-public/2020/09/24/cadd22f8-a175-4e41-97fe-fe26b657a693/ENCFF365VAK.bam	ENCODE4 v3.0.0-alpha.2 GRCh38	released		NA	NA	Adult
ENCFF648TSX	bam	bam	NA	alignments	GRCh38	ENCSR186NTL	DNase-seq	CL:0000084	T-cell	primary cell	Homo sapiens	NA	NA	NA	NA	NA	NA	NA	NA	NA	NA	DNA	NA	NA	NA	NA	NA	2020-10-02	ENCODE	NA	NA	NA	1	1_1	NA	NA	NA	NA	NA	NA	/files/ENCFF848MZR/, /files/ENCFF762MJQ/	2298580874	ENCODE Processing Pipeline	87524a48c2877f61dfd1cdc12f419fe0	NA	https://www.encodeproject.org/files/ENCFF648TSX/@@download/ENCFF648TSX.bam	NA	NA	NA	released	s3://encode-public/2020/09/22/2953d377-694c-46ac-801b-b1fbf65e653b/ENCFF648TSX.bam	ENCODE4 v3.0.0-alpha.2 GRCh38	released		NA	NA	Adult
ENCFF809SGB	bam	bam	NA	alignments	GRCh38	ENCSR507XBY	DNase-seq	CL:0000084	T-cell	primary cell	Homo sapiens	NA	NA	NA	NA	NA	NA	NA	NA	NA	NA	DNA	NA	NA	NA	NA	NA	2020-10-02	ENCODE	NA	NA	NA	1	1_1	NA	NA	NA	NA	NA	NA	/files/ENCFF431ESH/, /files/ENCFF762MJQ/	2651332849	ENCODE Processing Pipeline	a5a15d7bfb7f9b3c95e1ddd2462fd1bf	NA	https://www.encodeproject.org/files/ENCFF809SGB/@@download/ENCFF809SGB.bam	NA	NA	NA	released	s3://encode-public/2020/09/22/7cdbe8e3-a2bf-4ccb-af63-5fa44129ac8c/ENCFF809SGB.bam	ENCODE4 v3.0.0-alpha.2 GRCh38	released		NA	NA	Adult
ENCFF907FEO	bam	bam	NA	alignments	GRCh38	ENCSR410IYF	DNase-seq	CL:0000084	T-cell	primary cell	Homo sapiens	NA	NA	NA	NA	NA	NA	NA	NA	NA	NA	DNA	NA	NA	NA	NA	NA	2020-10-02	ENCODE	NA	NA	NA	1	1_1	NA	NA	NA	NA	NA	NA	/files/ENCFF762MJQ/, /files/ENCFF028LEA/	2156339165	ENCODE Processing Pipeline	85dfd7edff435aa42d11c8bbb9236a3d	NA	https://www.encodeproject.org/files/ENCFF907FEO/@@download/ENCFF907FEO.bam	NA	NA	NA	released	s3://encode-public/2020/09/22/624f6814-a1b8-482b-a376-29d9d87bde27/ENCFF907FEO.bam	ENCODE4 v3.0.0-alpha.2 GRCh38	released		NA	NA	Adult
ENCFF377VKY	bam	bam	NA	alignments	GRCh38	ENCSR251INE	DNase-seq	CL:0000084	T-cell	primary cell	Homo sapiens	NA	NA	NA	NA	NA	NA	NA	NA	NA	NA	DNA	NA	NA	NA	NA	NA	2020-10-02	ENCODE	NA	NA	NA	1	1_1	NA	NA	NA	NA	NA	NA	/files/ENCFF108CAQ/, /files/ENCFF762MJQ/	7705319621	ENCODE Processing Pipeline	e782b6098f85c62acf006fee26c26e53	NA	https://www.encodeproject.org/files/ENCFF377VKY/@@download/ENCFF377VKY.bam	NA	NA	NA	released	s3://encode-public/2020/09/28/21403bba-c9b0-4a77-9a07-bb2764975bab/ENCFF377VKY.bam	ENCODE4 v3.0.0-alpha.2 GRCh38	released		NA	NA	Adult
ENCFF625OES	bam	bam	NA	alignments	GRCh38	ENCSR878ITC	DNase-seq	CL:0000084	T-cell	primary cell	Homo sapiens	NA	NA	NA	NA	NA	NA	NA	NA	NA	NA	DNA	NA	NA	NA	NA	NA	2020-10-02	ENCODE	NA	NA	NA	1	1_1	NA	NA	NA	NA	NA	NA	/files/ENCFF762MJQ/, /files/ENCFF785SDJ/	2113066931	ENCODE Processing Pipeline	7a838de6aea5309afdfae2bb17ad7c04	NA	https://www.encodeproject.org/files/ENCFF625OES/@@download/ENCFF625OES.bam	NA	NA	NA	released	s3://encode-public/2020/09/22/043385f9-85d9-46d5-99a8-3b6a30fd8c87/ENCFF625OES.bam	ENCODE4 v3.0.0-alpha.2 GRCh38	released		NA	NA	Adult
ENCFF207YBC	bam	bam	NA	alignments	GRCh38	ENCSR965JHW	DNase-seq	CL:0000084	T-cell	primary cell	Homo sapiens	NA	NA	NA	NA	NA	NA	NA	NA	NA	NA	DNA	NA	NA	NA	NA	NA	2020-10-02	ENCODE	NA	NA	NA	1	1_1	NA	NA	NA	NA	NA	NA	/files/ENCFF779TNJ/, /files/ENCFF762MJQ/	2629636689	ENCODE Processing Pipeline	5906425d9c49cb4297eed41df08e7670	NA	https://www.encodeproject.org/files/ENCFF207YBC/@@download/ENCFF207YBC.bam	NA	NA	NA	released	s3://encode-public/2020/09/22/d00c7a25-2e3c-4ffc-b1e8-690546775956/ENCFF207YBC.bam	ENCODE4 v3.0.0-alpha.2 GRCh38	released		NA	NA	Adult
ENCFF265CVR	bam	bam	NA	alignments	GRCh38	ENCSR628IRM	DNase-seq	CL:0000084	T-cell	primary cell	Homo sapiens	NA	NA	NA	NA	NA	NA	NA	NA	NA	NA	DNA	NA	NA	NA	NA	NA	2013-07-31	Roadmap	NA	NA	NA	1	1_1	NA	NA	NA	NA	NA	NA	/files/ENCFF945AXF/, /files/ENCFF762MJQ/	15289879780	ENCODE Processing Pipeline	c823252b2a4e4bf8b4af8aac4e200e5b	NA	https://www.encodeproject.org/files/ENCFF265CVR/@@download/ENCFF265CVR.bam	NA	NA	NA	released	s3://encode-public/2020/11/16/47ef70dd-e931-429d-a25d-e6f7beb85445/ENCFF265CVR.bam	ENCODE4 v3.0.0 GRCh38	released		NA	NA	Adult
ENCFF821PAI	bam	bam	NA	alignments	GRCh38	ENCSR467MSP	DNase-seq	CL:0000084	T-cell	primary cell	Homo sapiens	NA	NA	NA	NA	NA	NA	NA	NA	NA	NA	DNA	NA	NA	NA	NA	NA	2020-09-25	ENCODE	NA	NA	NA	1	1_1	NA	NA	NA	NA	NA	NA	/files/ENCFF009GXF/, /files/ENCFF762MJQ/	2380531113	ENCODE Processing Pipeline	ea1e7cfdb2b4a19dc264dde0a9cebed2	NA	https://www.encodeproject.org/files/ENCFF821PAI/@@download/ENCFF821PAI.bam	NA	NA	NA	released	s3://encode-public/2020/09/24/cbd7235b-730d-4e47-bc64-087c40f49ce9/ENCFF821PAI.bam	ENCODE4 v3.0.0-alpha.2 GRCh38	released		NA	NA	Adult
ENCFF558ELY	bam	bam	NA	alignments	GRCh38	ENCSR552TPH	DNase-seq	CL:0000084	T-cell	primary cell	Homo sapiens	NA	NA	NA	NA	NA	NA	NA	NA	NA	NA	DNA	NA	NA	NA	NA	NA	2020-09-25	ENCODE	NA	NA	NA	1	1_1	NA	NA	NA	NA	NA	NA	/files/ENCFF205SSL/, /files/ENCFF762MJQ/	2239172453	ENCODE Processing Pipeline	3a348b3cff1bacee83347e7526aff483	NA	https://www.encodeproject.org/files/ENCFF558ELY/@@download/ENCFF558ELY.bam	NA	NA	NA	released	s3://encode-public/2020/09/24/dc21f1bf-c442-4240-ad49-c4ddea4fa251/ENCFF558ELY.bam	ENCODE4 v3.0.0-alpha.2 GRCh38	released		NA	NA	Adult
ENCFF387TXI	bam	bam	NA	alignments	GRCh38	ENCSR815DWW	DNase-seq	CL:0000084	T-cell	primary cell	Homo sapiens	NA	NA	NA	NA	NA	NA	NA	NA	NA	NA	DNA	NA	NA	NA	NA	NA	2020-09-25	ENCODE	NA	NA	NA	1	1_1	NA	NA	NA	NA	NA	NA	/files/ENCFF762MJQ/, /files/ENCFF030APG/	2318274370	ENCODE Processing Pipeline	1d6db86ad8ab604425caea067ca04b15	NA	https://www.encodeproject.org/files/ENCFF387TXI/@@download/ENCFF387TXI.bam	NA	NA	NA	released	s3://encode-public/2020/09/24/96472197-db07-49cb-9875-d9cd4441dd87/ENCFF387TXI.bam	ENCODE4 v3.0.0-alpha.2 GRCh38	released		NA	NA	Adult
ENCFF055SUH	bam	bam	NA	alignments	GRCh38	ENCSR803JVQ	DNase-seq	CL:0000084	T-cell	primary cell	Homo sapiens	NA	NA	NA	NA	NA	NA	NA	NA	NA	NA	DNA	NA	NA	NA	NA	NA	2020-10-02	ENCODE	NA	NA	NA	1	1_1	NA	NA	NA	NA	NA	NA	/files/ENCFF762MJQ/, /files/ENCFF639AEC/	2390456167	ENCODE Processing Pipeline	f41f92ee741634b72495eb7f96ea924f	NA	https://www.encodeproject.org/files/ENCFF055SUH/@@download/ENCFF055SUH.bam	NA	NA	NA	released	s3://encode-public/2020/09/22/374f6cd8-55c8-4b1e-b312-3ea7a9eade35/ENCFF055SUH.bam	ENCODE4 v3.0.0-alpha.2 GRCh38	released		NA	NA	Adult
ENCFF201MUP	bam	bam	NA	alignments	GRCh38	ENCSR561ZLY	DNase-seq	CL:0000084	T-cell	primary cell	Homo sapiens	NA	NA	NA	NA	NA	NA	NA	NA	NA	NA	DNA	NA	NA	NA	NA	NA	2020-09-25	ENCODE	NA	NA	NA	1	1_1	NA	NA	NA	NA	NA	NA	/files/ENCFF593DLX/, /files/ENCFF762MJQ/	7752989883	ENCODE Processing Pipeline	ebf123934f9a613439710cccd81d6306	NA	https://www.encodeproject.org/files/ENCFF201MUP/@@download/ENCFF201MUP.bam	NA	NA	NA	released	s3://encode-public/2020/09/24/73216c3c-661f-43ff-993a-5484fa02a9f6/ENCFF201MUP.bam	ENCODE4 v3.0.0-alpha.2 GRCh38	released		NA	NA	Adult
ENCFF407PIT	bam	bam	NA	alignments	GRCh38	ENCSR497NLU	DNase-seq	CL:0000084	T-cell	primary cell	Homo sapiens	NA	NA	NA	NA	NA	NA	NA	NA	NA	NA	DNA	NA	NA	NA	NA	NA	2020-09-25	ENCODE	NA	NA	NA	1	1_1	NA	NA	NA	NA	NA	NA	/files/ENCFF706FLY/, /files/ENCFF762MJQ/	3480375003	ENCODE Processing Pipeline	e73964987828948c935bb6f0158f156a	NA	https://www.encodeproject.org/files/ENCFF407PIT/@@download/ENCFF407PIT.bam	NA	NA	NA	released	s3://encode-public/2020/09/24/7d931ff1-9592-42ab-825e-e6397a39203b/ENCFF407PIT.bam	ENCODE4 v3.0.0-alpha.2 GRCh38	released		NA	NA	Adult
ENCFF822OGI	bam	bam	NA	alignments	GRCh38	ENCSR381PXW	DNase-seq	CL:0000236	B cell	primary cell	Homo sapiens	NA	NA	NA	NA	NA	NA	NA	NA	NA	NA	DNA	NA	NA	NA	NA	NA	2013-07-31	Roadmap	NA	NA	NA	1	1_1, 1_2	NA	NA	NA	NA	NA	NA	/files/ENCFF762MJQ/, /files/ENCFF111HWL/	20829250321	ENCODE Processing Pipeline	231af9827b420add66706cd9dc43bf54	NA	https://www.encodeproject.org/files/ENCFF822OGI/@@download/ENCFF822OGI.bam	NA	NA	NA	released	s3://encode-public/2020/11/16/b43e1c99-a67a-4720-afc3-fc4596ca570e/ENCFF822OGI.bam	ENCODE4 v3.0.0 GRCh38	released		NA	NA	Adult
ENCFF752UBN	bam	bam	NA	alignments	GRCh38	ENCSR704HNG	DNase-seq	CL:0000623	natural killer cell	primary cell	Homo sapiens	NA	NA	NA	NA	NA	NA	NA	NA	NA	NA	DNA	NA	NA	NA	NA	NA	2013-07-31	Roadmap	NA	NA	NA	1	1_1, 1_2	NA	NA	NA	NA	NA	NA	/files/ENCFF994RWT/, /files/ENCFF762MJQ/	28943339181	ENCODE Processing Pipeline	693ee6f9e4a8756a3343261d5feb15ae	NA	https://www.encodeproject.org/files/ENCFF752UBN/@@download/ENCFF752UBN.bam	NA	NA	NA	released	s3://encode-public/2020/11/16/a89440bc-e1ef-4478-af74-4d81877182c7/ENCFF752UBN.bam	ENCODE4 v3.0.0-alpha.2 GRCh38	released	mixed read lengths	NA	NA	Adult
ENCFF673DMO	bam	bam	NA	alignments	GRCh38	ENCSR769OIG	DNase-seq	CL:0000624	CD4-positive, alpha-beta T cell	primary cell	Homo sapiens	NA	NA	NA	NA	NA	NA	NA	NA	NA	NA	DNA	NA	NA	NA	NA	NA	2020-10-05	ENCODE	NA	NA	NA	1	1_1	NA	NA	NA	NA	NA	NA	/files/ENCFF788ANY/, /files/ENCFF762MJQ/	4603836261	ENCODE Processing Pipeline	efe60fe1592b444cc384639bbef0855e	NA	https://www.encodeproject.org/files/ENCFF673DMO/@@download/ENCFF673DMO.bam	NA	NA	NA	released	s3://encode-public/2020/10/02/2f896615-d78d-48d0-8121-9836fa9d940b/ENCFF673DMO.bam	ENCODE4 v3.0.0-alpha.2 GRCh38	released		NA	NA	Adult
ENCFF585SDX	bam	bam	NA	alignments	GRCh38	ENCSR126EVX	DNase-seq	CL:0000624	CD4-positive, alpha-beta T cell	primary cell	Homo sapiens	NA	NA	NA	NA	NA	NA	NA	NA	NA	NA	DNA	NA	NA	NA	NA	NA	2020-10-05	ENCODE	NA	NA	NA	1	1_1	NA	NA	NA	NA	NA	NA	/files/ENCFF263TEW/, /files/ENCFF762MJQ/	3910135174	ENCODE Processing Pipeline	ad8748236ceeb0c51f605fb6e379bec1	NA	https://www.encodeproject.org/files/ENCFF585SDX/@@download/ENCFF585SDX.bam	NA	NA	NA	released	s3://encode-public/2020/10/02/68c15613-4f78-4cfb-ac76-c6b6f4a91c1b/ENCFF585SDX.bam	ENCODE4 v3.0.0-alpha.2 GRCh38	released		NA	NA	Adult
ENCFF531YGS	bam	bam	NA	alignments	GRCh38	ENCSR167JFX	DNase-seq	CL:0000624	CD4-positive, alpha-beta T cell	primary cell	Homo sapiens	NA	NA	NA	NA	NA	NA	NA	NA	NA	NA	DNA	NA	NA	NA	NA	NA	2013-07-31	Roadmap	NA	NA	NA	1	1_1, 1_2	NA	NA	NA	NA	NA	NA	/files/ENCFF954CKW/, /files/ENCFF762MJQ/	26069366787	ENCODE Processing Pipeline	ff926f29e8464b0629810b54c91cbf64	NA	https://www.encodeproject.org/files/ENCFF531YGS/@@download/ENCFF531YGS.bam	NA	NA	NA	released	s3://encode-public/2020/11/16/bae3b7f6-1dc4-46c1-a902-7657ddb108cb/ENCFF531YGS.bam	ENCODE4 v3.0.0-alpha.2 GRCh38	released	mixed read lengths	NA	NA	Adult
ENCFF271MWD	bam	bam	NA	alignments	GRCh38	ENCSR683QJJ	DNase-seq	CL:0000624	CD4-positive, alpha-beta T cell	primary cell	Homo sapiens	NA	NA	NA	NA	NA	NA	NA	NA	NA	NA	DNA	NA	NA	NA	NA	NA	2013-07-31	Roadmap	NA	NA	NA	1	1_1, 1_2	NA	NA	NA	NA	NA	NA	/files/ENCFF182LTQ/, /files/ENCFF762MJQ/	14394369524	ENCODE Processing Pipeline	e7c2dd6fc51c2e6a1e1b06e34a5e5c27	NA	https://www.encodeproject.org/files/ENCFF271MWD/@@download/ENCFF271MWD.bam	NA	NA	NA	released	s3://encode-public/2020/11/16/596d9997-ecd7-4ca3-8add-01905ca422b9/ENCFF271MWD.bam	ENCODE4 v3.0.0-alpha.2 GRCh38	released		NA	NA	Adult
ENCFF874YSD	bam	bam	NA	alignments	GRCh38	ENCSR567IWT	DNase-seq	CL:0000624	CD4-positive, alpha-beta T cell	primary cell	Homo sapiens	NA	NA	NA	NA	NA	NA	NA	NA	NA	NA	DNA	NA	NA	NA	NA	NA	2020-10-05	ENCODE	NA	NA	NA	1	1_1	NA	NA	NA	NA	NA	NA	/files/ENCFF603LVW/, /files/ENCFF762MJQ/	6777967963	ENCODE Processing Pipeline	0fdd90169e06d30962549f6f765189e0	NA	https://www.encodeproject.org/files/ENCFF874YSD/@@download/ENCFF874YSD.bam	NA	NA	NA	released	s3://encode-public/2020/10/03/7f3a0570-bb0a-409f-9534-a66fdc38e317/ENCFF874YSD.bam	ENCODE4 v3.0.0-alpha.2 GRCh38	released	mixed read lengths	NA	NA	Adult
ENCFF824XID	bam	bam	NA	alignments	GRCh38	ENCSR832IQN	DNase-seq	CL:0000624	CD4-positive, alpha-beta T cell	primary cell	Homo sapiens	NA	NA	NA	NA	NA	NA	NA	NA	NA	NA	DNA	NA	NA	NA	NA	NA	2020-10-05	ENCODE	NA	NA	NA	1	1_1	NA	NA	NA	NA	NA	NA	/files/ENCFF059GDT/, /files/ENCFF762MJQ/	6173011285	ENCODE Processing Pipeline	9e5a9cd028fe23060401064df363900a	NA	https://www.encodeproject.org/files/ENCFF824XID/@@download/ENCFF824XID.bam	NA	NA	NA	released	s3://encode-public/2020/10/02/a7760406-81cb-47b8-a701-36afc4cf015c/ENCFF824XID.bam	ENCODE4 v3.0.0-alpha.2 GRCh38	released		NA	NA	Adult
ENCFF916EGX	bam	bam	NA	alignments	GRCh38	ENCSR376DAE	DNase-seq	CL:0000624	CD4-positive, alpha-beta T cell	primary cell	Homo sapiens	NA	NA	NA	NA	NA	NA	NA	NA	NA	NA	DNA	NA	NA	NA	NA	NA	2020-10-05	ENCODE	NA	NA	NA	1	1_1	NA	NA	NA	NA	NA	NA	/files/ENCFF762MJQ/, /files/ENCFF322BMW/	4849568199	ENCODE Processing Pipeline	ec62dc3b52b9c29ba77fc8ed6227d229	NA	https://www.encodeproject.org/files/ENCFF916EGX/@@download/ENCFF916EGX.bam	NA	NA	NA	released	s3://encode-public/2020/10/03/1426e25c-c435-4ef2-a5b2-edf0cda9999e/ENCFF916EGX.bam	ENCODE4 v3.0.0-alpha.2 GRCh38	released		NA	NA	Adult
ENCFF873DYN	bam	bam	NA	alignments	GRCh38	ENCSR129HDK	DNase-seq	CL:0000625	CD8-positive, alpha-beta T cell	primary cell	Homo sapiens	NA	NA	NA	NA	NA	NA	NA	NA	NA	NA	DNA	NA	NA	NA	NA	NA	2020-10-05	ENCODE	NA	NA	NA	1	1_1	NA	NA	NA	NA	NA	NA	/files/ENCFF839LLS/, /files/ENCFF762MJQ/	2344475522	ENCODE Processing Pipeline	53ed9dd8c5a4640d447394fb461af917	NA	https://www.encodeproject.org/files/ENCFF873DYN/@@download/ENCFF873DYN.bam	NA	NA	NA	released	s3://encode-public/2020/10/03/1d6ab094-f309-444d-8cc6-796dca9c6b5a/ENCFF873DYN.bam	ENCODE4 v3.0.0-alpha.2 GRCh38	released		NA	NA	Adult
ENCFF432ZTH	bam	bam	NA	alignments	GRCh38	ENCSR363BTB	DNase-seq	CL:0000625	CD8-positive, alpha-beta T cell	primary cell	Homo sapiens	NA	NA	NA	NA	NA	NA	NA	NA	NA	NA	DNA	NA	NA	NA	NA	NA	2020-10-06	ENCODE	NA	NA	NA	1	1_1	NA	NA	NA	NA	NA	NA	/files/ENCFF914KHN/, /files/ENCFF762MJQ/	5839858278	ENCODE Processing Pipeline	531900ad4c892f51844f2cef5156feb1	NA	https://www.encodeproject.org/files/ENCFF432ZTH/@@download/ENCFF432ZTH.bam	NA	NA	NA	released	s3://encode-public/2020/10/04/4c25a243-55f8-49c4-b721-b8a979fb6bfd/ENCFF432ZTH.bam	ENCODE4 v3.0.0-alpha.2 GRCh38	released		NA	NA	Adult
ENCFF580KMF	bam	bam	NA	alignments	GRCh38	ENCSR316UDN	DNase-seq	CL:0000625	CD8-positive, alpha-beta T cell	primary cell	Homo sapiens	NA	NA	NA	NA	NA	NA	NA	NA	NA	NA	DNA	NA	NA	NA	NA	NA	2013-07-31	Roadmap	NA	NA	NA	1	1_1, 1_2	NA	NA	NA	NA	NA	NA	/files/ENCFF523JBQ/, /files/ENCFF762MJQ/	15851059363	ENCODE Processing Pipeline	802f961a30b2e3c57ca3641d69cd2868	NA	https://www.encodeproject.org/files/ENCFF580KMF/@@download/ENCFF580KMF.bam	NA	NA	NA	released	s3://encode-public/2020/11/16/b3b43ff3-75a8-40e6-86c6-a30b9183ba6f/ENCFF580KMF.bam	ENCODE4 v3.0.0-alpha.2 GRCh38	released		NA	NA	Adult
ENCFF017RVJ	bam	bam	NA	alignments	GRCh38	ENCSR020LUD	DNase-seq	CL:0000625	CD8-positive, alpha-beta T cell	primary cell	Homo sapiens	NA	NA	NA	NA	NA	NA	NA	NA	NA	NA	DNA	NA	NA	NA	NA	NA	2013-07-31	Roadmap	NA	NA	NA	1	1_1, 1_2	NA	NA	NA	NA	NA	NA	/files/ENCFF565RJQ/, /files/ENCFF762MJQ/	25780582782	ENCODE Processing Pipeline	8a017ada43a0738d6908d89e892f5204	NA	https://www.encodeproject.org/files/ENCFF017RVJ/@@download/ENCFF017RVJ.bam	NA	NA	NA	released	s3://encode-public/2020/11/16/e06c2f95-983a-450e-b2fa-1434aec978b3/ENCFF017RVJ.bam	ENCODE4 v3.0.0-alpha.2 GRCh38	released	mixed read lengths	NA	NA	Adult
ENCFF527BCW	bam	bam	NA	alignments	GRCh38	ENCSR452DCM	DNase-seq	CL:0001054	CD14-positive monocyte	primary cell	Homo sapiens	NA	NA	NA	NA	NA	NA	NA	NA	NA	NA	DNA	NA	NA	NA	NA	NA	2013-07-31	Roadmap	NA	NA	NA	1	1_1, 1_2	NA	36	NA	NA	NA	NA	/files/ENCFF839VOM/, /files/ENCFF762MJQ/	18415386780	ENCODE Processing Pipeline	337c101aa2c2c696c68d9e30121bf725	NA	https://www.encodeproject.org/files/ENCFF527BCW/@@download/ENCFF527BCW.bam	NA	NA	NA	released	s3://encode-public/2020/11/16/3d21ea91-fde2-436c-913f-67669f3661ec/ENCFF527BCW.bam	ENCODE4 v3.0.0-alpha.2 GRCh38	released		NA	NA	Adult
ENCFF616QAS	bam	bam	NA	alignments	GRCh38	ENCSR770OTB	DNase-seq	NTR:0000493	left ventricle myocardium inferior	tissue	Homo sapiens	NA	NA	NA	NA	NA	NA	NA	NA	NA	NA	DNA	NA	NA	NA	NA	NA	2020-09-28	ENCODE	NA	NA	NA	1	1_1	NA	NA	NA	NA	NA	NA	/files/ENCFF762MJQ/, /files/ENCFF570JPA/	4925121743	ENCODE Processing Pipeline	fdf55ad42c18c032dd520f09f6dda764	NA	https://www.encodeproject.org/files/ENCFF616QAS/@@download/ENCFF616QAS.bam	NA	NA	NA	released	s3://encode-public/2020/09/27/aa642931-b419-4a0c-b591-bf91afd5fc80/ENCFF616QAS.bam	ENCODE4 v3.0.0-alpha.2 GRCh38	released		NA	NA	Adult
ENCFF926EMP	bam	bam	NA	alignments	GRCh38	ENCSR857AEB	DNase-seq	UBERON:0000059	large intestine	tissue	Homo sapiens	NA	NA	NA	NA	NA	NA	NA	NA	NA	NA	DNA	NA	NA	NA	NA	NA	2013-07-31	Roadmap	NA	NA	NA	1	1_2	NA	NA	NA	NA	NA	NA	/files/ENCFF646DYG/, /files/ENCFF762MJQ/	17720359381	ENCODE Processing Pipeline	40edd70544cbd6922ef383537a4daa93	NA	https://www.encodeproject.org/files/ENCFF926EMP/@@download/ENCFF926EMP.bam	NA	NA	NA	released	s3://encode-public/2020/11/16/b2c5b52b-7096-4bb1-85d8-7f428fbdd296/ENCFF926EMP.bam	ENCODE4 v3.0.0 GRCh38	released		NA	NA	Embryo/Fetal
ENCFF479ENE	bam	bam	NA	alignments	GRCh38	ENCSR796SJV	DNase-seq	UBERON:0000059	large intestine	tissue	Homo sapiens	NA	NA	NA	NA	NA	NA	NA	NA	NA	NA	DNA	NA	NA	NA	NA	NA	2013-07-31	Roadmap	NA	NA	NA	1	1_2	NA	NA	NA	NA	NA	NA	/files/ENCFF762MJQ/, /files/ENCFF601COM/	3087471832	ENCODE Processing Pipeline	4fd054d57f7f3ffe0dd213726b9ea16c	NA	https://www.encodeproject.org/files/ENCFF479ENE/@@download/ENCFF479ENE.bam	NA	NA	NA	released	s3://encode-public/2020/11/16/ae881f2d-f24b-4b3f-8101-cbc43219d42d/ENCFF479ENE.bam	ENCODE4 v3.0.0-alpha.2 GRCh38	released		NA	NA	Embryo/Fetal
ENCFF386AZI	bam	bam	NA	alignments	GRCh38	ENCSR866ODX	DNase-seq	UBERON:0000473	testis	tissue	Homo sapiens	NA	NA	NA	NA	NA	NA	NA	NA	NA	NA	DNA	NA	NA	NA	NA	NA	2019-11-08	ENCODE	NA	NA	NA	1	1_1	NA	NA	NA	NA	NA	NA	/files/ENCFF183VFV/, /files/ENCFF762MJQ/	7623443635	ENCODE Processing Pipeline	1652a14a774f968f27da9caceb465cc1	NA	https://www.encodeproject.org/files/ENCFF386AZI/@@download/ENCFF386AZI.bam	NA	NA	NA	released	s3://encode-public/2020/10/06/00335ab6-01b6-4550-b162-bd4b4a3a6e92/ENCFF386AZI.bam	ENCODE4 v3.0.0-alpha.2 GRCh38	released		NA	NA	Adult
ENCFF198SPF	bam	bam	NA	alignments	GRCh38	ENCSR208DMX	DNase-seq	UBERON:0000945	stomach	tissue	Homo sapiens	NA	NA	NA	NA	NA	NA	NA	NA	NA	NA	DNA	NA	NA	NA	NA	NA	2013-07-31	Roadmap	NA	NA	NA	1	1_1	NA	NA	NA	NA	NA	NA	/files/ENCFF500QXA/, /files/ENCFF762MJQ/	18057801102	ENCODE Processing Pipeline	e32990dc5e15ed7e7d61b5fb5fadb6e9	NA	https://www.encodeproject.org/files/ENCFF198SPF/@@download/ENCFF198SPF.bam	NA	NA	NA	released	s3://encode-public/2020/11/16/a4537b03-1960-42de-8e74-6794e5dc3770/ENCFF198SPF.bam	ENCODE4 v3.0.0 GRCh38	released		NA	NA	Embryo/Fetal
ENCFF934AZP	bam	bam	NA	alignments	GRCh38	ENCSR595DQM	DNase-seq	UBERON:0000947	aorta	tissue	Homo sapiens	NA	NA	NA	NA	NA	NA	NA	NA	NA	NA	DNA	NA	NA	NA	NA	NA	2020-09-28	ENCODE	NA	NA	NA	1	1_1	NA	NA	NA	NA	NA	NA	/files/ENCFF762MJQ/, /files/ENCFF397WGK/	9686290126	ENCODE Processing Pipeline	102e74c3f788adf52c2da33e50e4b469	NA	https://www.encodeproject.org/files/ENCFF934AZP/@@download/ENCFF934AZP.bam	NA	NA	NA	released	s3://encode-public/2020/09/25/351048a2-4c73-45a2-96c7-d7a206cac6d5/ENCFF934AZP.bam	ENCODE4 v3.0.0-alpha.2 GRCh38	released		NA	NA	Adult
ENCFF381CDO	bam	bam	NA	alignments	GRCh38	ENCSR713KNQ	DNase-seq	UBERON:0000947	aorta	tissue	Homo sapiens	NA	NA	NA	NA	NA	NA	NA	NA	NA	NA	DNA	NA	NA	NA	NA	NA	2020-09-28	ENCODE	NA	NA	NA	1	1_1	NA	NA	NA	NA	NA	NA	/files/ENCFF433CIP/, /files/ENCFF762MJQ/	7046742100	ENCODE Processing Pipeline	371a2ecfec0e7846db637319c16c7c21	NA	https://www.encodeproject.org/files/ENCFF381CDO/@@download/ENCFF381CDO.bam	NA	NA	NA	released	s3://encode-public/2020/09/25/826707e0-c855-4754-845a-ca03b4f1b6ae/ENCFF381CDO.bam	ENCODE4 v3.0.0-alpha.2 GRCh38	released		NA	NA	Adult
ENCFF218QGZ	bam	bam	NA	alignments	GRCh38	ENCSR872DUY	DNase-seq	UBERON:0000992	ovary	tissue	Homo sapiens	NA	NA	NA	NA	NA	NA	NA	NA	NA	NA	DNA	NA	NA	NA	NA	NA	2020-09-28	ENCODE	NA	NA	NA	1	1_1	NA	NA	NA	NA	NA	NA	/files/ENCFF762MJQ/, /files/ENCFF084MAQ/	7082158958	ENCODE Processing Pipeline	b462fc05dd2648623558c8064c2174d5	NA	https://www.encodeproject.org/files/ENCFF218QGZ/@@download/ENCFF218QGZ.bam	NA	NA	NA	released	s3://encode-public/2020/09/27/440a80e9-509c-46e8-8157-68125cdd2b27/ENCFF218QGZ.bam	ENCODE4 v3.0.0-alpha.2 GRCh38	released		NA	NA	Adult
ENCFF180HNU	bam	bam	NA	alignments	GRCh38	ENCSR330ZBO	DNase-seq	UBERON:0000992	ovary	tissue	Homo sapiens	NA	NA	NA	NA	NA	NA	NA	NA	NA	NA	DNA	NA	NA	NA	NA	NA	2020-09-28	ENCODE	NA	NA	NA	1	1_1	NA	NA	NA	NA	NA	NA	/files/ENCFF762MJQ/, /files/ENCFF469OPW/	7431961632	ENCODE Processing Pipeline	153e6643c213b9101b911787313ab380	NA	https://www.encodeproject.org/files/ENCFF180HNU/@@download/ENCFF180HNU.bam	NA	NA	NA	released	s3://encode-public/2020/09/27/bc280a0b-dcce-4a94-b662-6ab5e125b4da/ENCFF180HNU.bam	ENCODE4 v3.0.0-alpha.2 GRCh38	released		NA	NA	Adult
ENCFF764XZE	bam	bam	NA	alignments	GRCh38	ENCSR138UGH	DNase-seq	UBERON:0000992	ovary	tissue	Homo sapiens	NA	NA	NA	NA	NA	NA	NA	NA	NA	NA	DNA	NA	NA	NA	NA	NA	2020-09-28	ENCODE	NA	NA	NA	1	1_1	NA	NA	NA	NA	NA	NA	/files/ENCFF762MJQ/, /files/ENCFF371YWN/	9138252161	ENCODE Processing Pipeline	75bb79b48660bb3a9631f45b784d0afb	NA	https://www.encodeproject.org/files/ENCFF764XZE/@@download/ENCFF764XZE.bam	NA	NA	NA	released	s3://encode-public/2020/09/27/591612e9-ff05-4cbc-b7d6-6fe64d077504/ENCFF764XZE.bam	ENCODE4 v3.0.0-alpha.2 GRCh38	released		NA	NA	Adult
ENCFF072TLG	bam	bam	NA	alignments	GRCh38	ENCSR798XLO	DNase-seq	UBERON:0000992	ovary	tissue	Homo sapiens	NA	NA	NA	NA	NA	NA	NA	NA	NA	NA	DNA	NA	NA	NA	NA	NA	2020-09-28	ENCODE	NA	NA	NA	1	1_1	NA	NA	NA	NA	NA	NA	/files/ENCFF212QJB/, /files/ENCFF762MJQ/	10427544107	ENCODE Processing Pipeline	08b87cd73288a0385fb3362af53842b4	NA	https://www.encodeproject.org/files/ENCFF072TLG/@@download/ENCFF072TLG.bam	NA	NA	NA	released	s3://encode-public/2020/09/27/ae722ed8-604e-44c5-99c6-1d48c5714ca0/ENCFF072TLG.bam	ENCODE4 v3.0.0-alpha.2 GRCh38	released		NA	NA	Adult
ENCFF072TVW	bam	bam	NA	alignments	GRCh38	ENCSR930PDT	DNase-seq	UBERON:0000992	ovary	tissue	Homo sapiens	NA	NA	NA	NA	NA	NA	NA	NA	NA	NA	DNA	NA	NA	NA	NA	NA	2019-11-08	ENCODE	NA	NA	NA	1	1_1	NA	NA	NA	NA	NA	NA	/files/ENCFF269WGY/, /files/ENCFF762MJQ/	9150196203	ENCODE Processing Pipeline	954aaf0d86d87c80e7727550c42be594	NA	https://www.encodeproject.org/files/ENCFF072TVW/@@download/ENCFF072TVW.bam	NA	NA	NA	released	s3://encode-public/2020/10/06/836a20bc-6f5f-457b-bfcd-c9d082453d8a/ENCFF072TVW.bam	ENCODE4 v3.0.0-alpha.2 GRCh38	released		NA	NA	Adult
ENCFF914KBU	bam	bam	NA	alignments	GRCh38	ENCSR545ADK	DNase-seq	UBERON:0000995	uterus	tissue	Homo sapiens	NA	NA	NA	NA	NA	NA	NA	NA	NA	NA	DNA	NA	NA	NA	NA	NA	2020-10-02	ENCODE	NA	NA	NA	1	1_1	NA	NA	NA	NA	NA	NA	/files/ENCFF060XFZ/, /files/ENCFF762MJQ/	7685073854	ENCODE Processing Pipeline	aae1a227ce09252cc590eaad0f8cddf0	NA	https://www.encodeproject.org/files/ENCFF914KBU/@@download/ENCFF914KBU.bam	NA	NA	NA	released	s3://encode-public/2020/09/28/67a2ac2c-918a-44a8-917c-9544b6e9ea38/ENCFF914KBU.bam	ENCODE4 v3.0.0-alpha.2 GRCh38	released		NA	NA	Adult
ENCFF130PVC	bam	bam	NA	alignments	GRCh38	ENCSR129BZE	DNase-seq	UBERON:0000995	uterus	tissue	Homo sapiens	NA	NA	NA	NA	NA	NA	NA	NA	NA	NA	DNA	NA	NA	NA	NA	NA	2019-11-08	ENCODE	NA	NA	NA	1	1_1	NA	NA	NA	NA	NA	NA	/files/ENCFF806URB/, /files/ENCFF762MJQ/	6887038357	ENCODE Processing Pipeline	3efb906685a5336aecd127c0a88a5e90	NA	https://www.encodeproject.org/files/ENCFF130PVC/@@download/ENCFF130PVC.bam	NA	NA	NA	released	s3://encode-public/2020/10/06/25c4d03c-d8f5-4410-a12e-44ac2e842ee9/ENCFF130PVC.bam	ENCODE4 v3.0.0-alpha.2 GRCh38	released		NA	NA	Adult
ENCFF397QAV	bam	bam	NA	alignments	GRCh38	ENCSR628NEA	DNase-seq	UBERON:0001114	right lobe of liver	tissue	Homo sapiens	NA	NA	NA	NA	NA	NA	NA	NA	NA	NA	DNA	NA	NA	NA	NA	NA	2020-10-02	ENCODE	NA	NA	NA	1	1_1	NA	NA	NA	NA	NA	NA	/files/ENCFF762MJQ/, /files/ENCFF185BNQ/	9328782366	ENCODE Processing Pipeline	a3f0a111106ace286ee08450a97a657f	NA	https://www.encodeproject.org/files/ENCFF397QAV/@@download/ENCFF397QAV.bam	NA	NA	NA	released	s3://encode-public/2020/09/28/3c8f7b87-619d-4cfd-93c6-3acc7c971d37/ENCFF397QAV.bam	ENCODE4 v3.0.0-alpha.2 GRCh38	released		NA	NA	Adult
ENCFF427BNB	bam	bam	NA	alignments	GRCh38	ENCSR933GMM	DNase-seq	UBERON:0001114	right lobe of liver	tissue	Homo sapiens	NA	NA	NA	NA	NA	NA	NA	NA	NA	NA	DNA	NA	NA	NA	NA	NA	2020-10-02	ENCODE	NA	NA	NA	1	1_1	NA	NA	NA	NA	NA	NA	/files/ENCFF762MJQ/, /files/ENCFF854BNU/	6575916035	ENCODE Processing Pipeline	7abe9676b425e27b97bbcc1646531a4e	NA	https://www.encodeproject.org/files/ENCFF427BNB/@@download/ENCFF427BNB.bam	NA	NA	NA	released	s3://encode-public/2020/09/28/5cd853e5-d3c8-46c5-8d46-e131cf3d8892/ENCFF427BNB.bam	ENCODE4 v3.0.0-alpha.2 GRCh38	released		NA	NA	Adult
ENCFF611ZEI	bam	bam	NA	alignments	GRCh38	ENCSR405YLV	DNase-seq	UBERON:0001150	body of pancreas	tissue	Homo sapiens	NA	NA	NA	NA	NA	NA	NA	NA	NA	NA	DNA	NA	NA	NA	NA	NA	2019-11-08	ENCODE	NA	NA	NA	1	1_1	NA	NA	NA	NA	NA	NA	/files/ENCFF762MJQ/, /files/ENCFF778VNR/	8624354543	ENCODE Processing Pipeline	7adfad3099959bb448b5deb711a22d7c	NA	https://www.encodeproject.org/files/ENCFF611ZEI/@@download/ENCFF611ZEI.bam	NA	NA	NA	released	s3://encode-public/2020/10/06/d55ac147-cca1-43db-9c23-76e366299762/ENCFF611ZEI.bam	ENCODE4 v3.0.0-alpha.2 GRCh38	released		NA	NA	Adult
ENCFF153EIC	bam	bam	NA	alignments	GRCh38	ENCSR464TKV	DNase-seq	UBERON:0001150	body of pancreas	tissue	Homo sapiens	NA	NA	NA	NA	NA	NA	NA	NA	NA	NA	DNA	NA	NA	NA	NA	NA	2019-11-08	ENCODE	NA	NA	NA	1	1_1	NA	NA	NA	NA	NA	NA	/files/ENCFF512ZBS/, /files/ENCFF762MJQ/	8210824924	ENCODE Processing Pipeline	102bf6f0c6f95442e4616af956880af8	NA	https://www.encodeproject.org/files/ENCFF153EIC/@@download/ENCFF153EIC.bam	NA	NA	NA	released	s3://encode-public/2020/10/06/10786f91-ae35-486e-948e-50697337d0c6/ENCFF153EIC.bam	ENCODE4 v3.0.0-alpha.2 GRCh38	released		NA	NA	Adult
ENCFF855BHV	bam	bam	NA	alignments	GRCh38	ENCSR539WBA	DNase-seq	UBERON:0001150	body of pancreas	tissue	Homo sapiens	NA	NA	NA	NA	NA	NA	NA	NA	NA	NA	DNA	NA	NA	NA	NA	NA	2019-11-08	ENCODE	NA	NA	NA	1	1_1	NA	NA	NA	NA	NA	NA	/files/ENCFF762MJQ/, /files/ENCFF831URL/	7537659477	ENCODE Processing Pipeline	fc204026bf3843b68955cc4eeaa440f6	NA	https://www.encodeproject.org/files/ENCFF855BHV/@@download/ENCFF855BHV.bam	NA	NA	NA	released	s3://encode-public/2020/10/06/46f5b9f9-4606-475b-92d6-b4f059ea47af/ENCFF855BHV.bam	ENCODE4 v3.0.0-alpha.2 GRCh38	released		NA	NA	Adult
ENCFF568ZEU	bam	bam	NA	alignments	GRCh38	ENCSR763AKE	DNase-seq	UBERON:0001157	transverse colon	tissue	Homo sapiens	NA	NA	NA	NA	NA	NA	NA	NA	NA	NA	DNA	NA	NA	NA	NA	NA	2019-11-08	ENCODE	NA	NA	NA	1	1_1	NA	NA	NA	NA	NA	NA	/files/ENCFF762MJQ/, /files/ENCFF021YEF/	7577367475	ENCODE Processing Pipeline	dc85bd2911e44cbf4baab6af5f3c9726	NA	https://www.encodeproject.org/files/ENCFF568ZEU/@@download/ENCFF568ZEU.bam	NA	NA	NA	released	s3://encode-public/2020/10/06/a8319dff-0606-433f-b7e0-cc262699ece9/ENCFF568ZEU.bam	ENCODE4 v3.0.0-alpha.2 GRCh38	released		NA	NA	Adult
ENCFF531YYI	bam	bam	NA	alignments	GRCh38	ENCSR276ITP	DNase-seq	UBERON:0001159	sigmoid colon	tissue	Homo sapiens	NA	NA	NA	NA	NA	NA	NA	NA	NA	NA	DNA	NA	NA	NA	NA	NA	2019-11-08	ENCODE	NA	NA	NA	1	1_1	NA	NA	NA	NA	NA	NA	/files/ENCFF800ZBY/, /files/ENCFF762MJQ/	9433394772	ENCODE Processing Pipeline	e7be27792e3fe1aecd55d2734a3fd40f	NA	https://www.encodeproject.org/files/ENCFF531YYI/@@download/ENCFF531YYI.bam	NA	NA	NA	released	s3://encode-public/2020/10/06/d931ed06-7878-463c-a18d-16b4ddac2c22/ENCFF531YYI.bam	ENCODE4 v3.0.0-alpha.2 GRCh38	released		NA	NA	Adult
ENCFF799FGK	bam	bam	NA	alignments	GRCh38	ENCSR689DSM	DNase-seq	UBERON:0001211	Peyer's patch	tissue	Homo sapiens	NA	NA	NA	NA	NA	NA	NA	NA	NA	NA	DNA	NA	NA	NA	NA	NA	2019-11-08	ENCODE	NA	NA	NA	1	1_1	NA	NA	NA	NA	NA	NA	/files/ENCFF762MJQ/, /files/ENCFF480COA/	10215965909	ENCODE Processing Pipeline	c12e228b0fda3ac9673075a2706a8df7	NA	https://www.encodeproject.org/files/ENCFF799FGK/@@download/ENCFF799FGK.bam	NA	NA	NA	released	s3://encode-public/2020/10/06/5fa53352-255f-47f7-a67e-60128518b769/ENCFF799FGK.bam	ENCODE4 v3.0.0-alpha.2 GRCh38	released		NA	NA	Adult
ENCFF484DQZ	bam	bam	NA	alignments	GRCh38	ENCSR954AJK	DNase-seq	UBERON:0001211	Peyer's patch	tissue	Homo sapiens	NA	NA	NA	NA	NA	NA	NA	NA	NA	NA	DNA	NA	NA	NA	NA	NA	2017-10-02	ENCODE	NA	NA	NA	1	1_1	NA	NA	NA	NA	NA	NA	/files/ENCFF186GCD/, /files/ENCFF762MJQ/	6508634478	ENCODE Processing Pipeline	980caf6a39b22b3e816cf2ff37357da1	NA	https://www.encodeproject.org/files/ENCFF484DQZ/@@download/ENCFF484DQZ.bam	NA	NA	NA	released	s3://encode-public/2020/09/19/8f14c053-2e5e-4583-b446-4ba0faadce7c/ENCFF484DQZ.bam	ENCODE4 v3.0.0-alpha.2 GRCh38	released		NA	NA	Adult
ENCFF025CEB	bam	bam	NA	alignments	GRCh38	ENCSR236KPK	DNase-seq	UBERON:0001264	pancreas	tissue	Homo sapiens	NA	NA	NA	NA	NA	NA	NA	NA	NA	NA	DNA	NA	NA	NA	NA	NA	2020-09-28	ENCODE	NA	NA	NA	1	1_1	NA	NA	NA	NA	NA	NA	/files/ENCFF282OJH/, /files/ENCFF762MJQ/	10833679154	ENCODE Processing Pipeline	297b0025942d848fbd09bf827d63cd05	NA	https://www.encodeproject.org/files/ENCFF025CEB/@@download/ENCFF025CEB.bam	NA	NA	NA	released	s3://encode-public/2020/09/27/8a00290e-7ff4-4519-ab2e-08e781040c6d/ENCFF025CEB.bam	ENCODE4 v3.0.0-alpha.2 GRCh38	released		NA	NA	Adult
ENCFF180RAM	bam	bam	NA	alignments	GRCh38	ENCSR338NEI	DNase-seq	UBERON:0001264	pancreas	tissue	Homo sapiens	NA	NA	NA	NA	NA	NA	NA	NA	NA	NA	DNA	NA	NA	NA	NA	NA	2020-09-28	ENCODE	NA	NA	NA	1	1_1	NA	NA	NA	NA	NA	NA	/files/ENCFF910FWQ/, /files/ENCFF762MJQ/	8381247581	ENCODE Processing Pipeline	a5e76c1b8763f415acb9afded26b74a1	NA	https://www.encodeproject.org/files/ENCFF180RAM/@@download/ENCFF180RAM.bam	NA	NA	NA	released	s3://encode-public/2020/09/27/d97e6371-652f-43b0-8af3-391bdff6de52/ENCFF180RAM.bam	ENCODE4 v3.0.0-alpha.2 GRCh38	released		NA	NA	Adult
ENCFF988IQG	bam	bam	NA	alignments	GRCh38	ENCSR056PFI	DNase-seq	UBERON:0001264	pancreas	tissue	Homo sapiens	NA	NA	NA	NA	NA	NA	NA	NA	NA	NA	DNA	NA	NA	NA	NA	NA	2020-09-28	ENCODE	NA	NA	NA	1	1_1	NA	NA	NA	NA	NA	NA	/files/ENCFF739DWU/, /files/ENCFF762MJQ/	5543711113	ENCODE Processing Pipeline	51cb55f63ee037f610321dce5d300646	NA	https://www.encodeproject.org/files/ENCFF988IQG/@@download/ENCFF988IQG.bam	NA	NA	NA	released	s3://encode-public/2020/09/27/e0057021-1c3b-48c6-8f9f-31955ccc6ce0/ENCFF988IQG.bam	ENCODE4 v3.0.0-alpha.2 GRCh38	released		NA	NA	Adult
ENCFF979ZTM	bam	bam	NA	alignments	GRCh38	ENCSR589HAC	DNase-seq	UBERON:0001264	pancreas	tissue	Homo sapiens	NA	NA	NA	NA	NA	NA	NA	NA	NA	NA	DNA	NA	NA	NA	NA	NA	2020-09-28	ENCODE	NA	NA	NA	1	1_1	NA	NA	NA	NA	NA	NA	/files/ENCFF762MJQ/, /files/ENCFF901ZDT/	8002755718	ENCODE Processing Pipeline	373d43ea95ac6b2f88488b5986ae4213	NA	https://www.encodeproject.org/files/ENCFF979ZTM/@@download/ENCFF979ZTM.bam	NA	NA	NA	released	s3://encode-public/2020/09/27/1696826f-7aa2-4f7e-befa-8574075f97bb/ENCFF979ZTM.bam	ENCODE4 v3.0.0-alpha.2 GRCh38	released		NA	NA	Adult
ENCFF456GDF	bam	bam	NA	alignments	GRCh38	ENCSR999VDH	DNase-seq	UBERON:0001264	pancreas	tissue	Homo sapiens	NA	NA	NA	NA	NA	NA	NA	NA	NA	NA	DNA	NA	NA	NA	NA	NA	2020-09-28	ENCODE	NA	NA	NA	1	1_1	NA	NA	NA	NA	NA	NA	/files/ENCFF254VRC/, /files/ENCFF762MJQ/	6540633204	ENCODE Processing Pipeline	5a23d32f1a6501c11e7b63d78f397755	NA	https://www.encodeproject.org/files/ENCFF456GDF/@@download/ENCFF456GDF.bam	NA	NA	NA	released	s3://encode-public/2020/09/27/6728f7bf-7a69-42ee-b810-3f7497e485e0/ENCFF456GDF.bam	ENCODE4 v3.0.0-alpha.2 GRCh38	released		NA	NA	Adult
ENCFF622FLC	bam	bam	NA	alignments	GRCh38	ENCSR272RQX	DNase-seq	UBERON:0001383	muscle of leg	tissue	Homo sapiens	NA	NA	NA	NA	NA	NA	NA	NA	NA	NA	DNA	NA	NA	NA	NA	NA	2013-07-31	Roadmap	NA	NA	NA	1	1_6	NA	NA	NA	NA	NA	NA	/files/ENCFF762MJQ/, /files/ENCFF586FPS/	15380722094	ENCODE Processing Pipeline	fe85b55dbbccf0f8151406421db24c0a	NA	https://www.encodeproject.org/files/ENCFF622FLC/@@download/ENCFF622FLC.bam	NA	NA	NA	released	s3://encode-public/2020/11/16/b0e53556-f6ea-4e9b-be36-5d482398fb6c/ENCFF622FLC.bam	ENCODE4 v3.0.0 GRCh38	released		NA	NA	Embryo/Fetal
ENCFF537QES	bam	bam	NA	alignments	GRCh38	ENCSR440FZS	DNase-seq	UBERON:0001774	muscle of trunk	tissue	Homo sapiens	NA	NA	NA	NA	NA	NA	NA	NA	NA	NA	DNA	NA	NA	NA	NA	NA	2013-07-31	Roadmap	NA	NA	NA	1	1_5	NA	NA	NA	NA	NA	NA	/files/ENCFF905COX/, /files/ENCFF762MJQ/	16178141793	ENCODE Processing Pipeline	ccef7df3174f585165698573c990d867	NA	https://www.encodeproject.org/files/ENCFF537QES/@@download/ENCFF537QES.bam	NA	NA	NA	released	s3://encode-public/2020/11/16/a1275ca5-15de-453d-b338-b7ae2c9c39f5/ENCFF537QES.bam	ENCODE4 v3.0.0 GRCh38	released		NA	NA	Embryo/Fetal
ENCFF653EJM	bam	bam	NA	alignments	GRCh38	ENCSR035QHH	DNase-seq	UBERON:0001987	placenta	tissue	Homo sapiens	NA	NA	NA	NA	NA	NA	NA	NA	NA	NA	DNA	NA	NA	NA	NA	NA	2013-07-31	Roadmap	NA	NA	NA	1	1_1, 1_4	NA	NA	NA	NA	NA	NA	/files/ENCFF173GOA/, /files/ENCFF762MJQ/	17057474582	ENCODE Processing Pipeline	253b9bdc61a6e84aedd257f76258d990	NA	https://www.encodeproject.org/files/ENCFF653EJM/@@download/ENCFF653EJM.bam	NA	NA	NA	released	s3://encode-public/2020/11/16/b7aed9a6-dbe0-4b27-a8e7-7bb0bfc76e8c/ENCFF653EJM.bam	ENCODE4 v3.0.0-alpha.2 GRCh38	released		NA	NA	Embryo/Fetal
ENCFF906DOW	bam	bam	NA	alignments	GRCh38	ENCSR685PCS	DNase-seq	UBERON:0001987	placenta	tissue	Homo sapiens	NA	NA	NA	NA	NA	NA	NA	NA	NA	NA	DNA	NA	NA	NA	NA	NA	2020-09-28	ENCODE	NA	NA	NA	1	1_1	NA	NA	NA	NA	NA	NA	/files/ENCFF762MJQ/, /files/ENCFF658ZVY/	12446393343	ENCODE Processing Pipeline	0ad76dc7da63322e520895ffeb399be3	NA	https://www.encodeproject.org/files/ENCFF906DOW/@@download/ENCFF906DOW.bam	NA	NA	NA	released	s3://encode-public/2020/09/28/d003541b-18d6-4ec8-837a-7102dd83843f/ENCFF906DOW.bam	ENCODE4 v3.0.0-alpha.2 GRCh38	released		NA	NA	Embryo/Fetal
ENCFF591OSK	bam	bam	NA	alignments	GRCh38	ENCSR689FYA	DNase-seq	UBERON:0001987	placenta	tissue	Homo sapiens	NA	NA	NA	NA	NA	NA	NA	NA	NA	NA	DNA	NA	NA	NA	NA	NA	2020-09-28	ENCODE	NA	NA	NA	1	1_1	NA	NA	NA	NA	NA	NA	/files/ENCFF965YWF/, /files/ENCFF762MJQ/	11333966226	ENCODE Processing Pipeline	c85d9d631bd24feb784a03fb9ff7d0d0	NA	https://www.encodeproject.org/files/ENCFF591OSK/@@download/ENCFF591OSK.bam	NA	NA	NA	released	s3://encode-public/2020/09/28/08dac60f-e043-46d6-b65c-42f1c8a8f49f/ENCFF591OSK.bam	ENCODE4 v3.0.0-alpha.2 GRCh38	released		NA	NA	Embryo/Fetal
ENCFF342QKJ	bam	bam	NA	alignments	GRCh38	ENCSR126EVK	DNase-seq	UBERON:0001987	placenta	tissue	Homo sapiens	NA	NA	NA	NA	NA	NA	NA	NA	NA	NA	DNA	NA	NA	NA	NA	NA	2020-09-28	ENCODE	NA	NA	NA	1	1_1	NA	NA	NA	NA	NA	NA	/files/ENCFF762MJQ/, /files/ENCFF712AXV/	8585511783	ENCODE Processing Pipeline	73f4f9b73264f7002022e6e1f6a2d3e1	NA	https://www.encodeproject.org/files/ENCFF342QKJ/@@download/ENCFF342QKJ.bam	NA	NA	NA	released	s3://encode-public/2020/09/27/61e67a30-cbb2-4107-86ec-57dffe74b3ef/ENCFF342QKJ.bam	ENCODE4 v3.0.0-alpha.2 GRCh38	released		NA	NA	Embryo/Fetal
ENCFF289OUW	bam	bam	NA	alignments	GRCh38	ENCSR503RWO	DNase-seq	UBERON:0001987	placenta	tissue	Homo sapiens	NA	NA	NA	NA	NA	NA	NA	NA	NA	NA	DNA	NA	NA	NA	NA	NA	2020-09-28	ENCODE	NA	NA	NA	1	1_1	NA	NA	NA	NA	NA	NA	/files/ENCFF762MJQ/, /files/ENCFF849QDZ/	9384062508	ENCODE Processing Pipeline	a49d592c8198d75b90abe66dc184feec	NA	https://www.encodeproject.org/files/ENCFF289OUW/@@download/ENCFF289OUW.bam	NA	NA	NA	released	s3://encode-public/2020/09/28/70dbd13a-c66b-4ec4-b325-7c98073651f8/ENCFF289OUW.bam	ENCODE4 v3.0.0-alpha.2 GRCh38	released		NA	NA	Embryo/Fetal
ENCFF299BOK	bam	bam	NA	alignments	GRCh38	ENCSR656KLT	DNase-seq	UBERON:0001987	placenta	tissue	Homo sapiens	NA	NA	NA	NA	NA	NA	NA	NA	NA	NA	DNA	NA	NA	NA	NA	NA	2020-09-28	ENCODE	NA	NA	NA	1	1_1	NA	NA	NA	NA	NA	NA	/files/ENCFF762MJQ/, /files/ENCFF698NCD/	7375584536	ENCODE Processing Pipeline	5a8f8e0c7087547c521bd644bab9b0e4	NA	https://www.encodeproject.org/files/ENCFF299BOK/@@download/ENCFF299BOK.bam	NA	NA	NA	released	s3://encode-public/2020/09/28/1981ea1f-e24b-4e16-a95b-7bcd4f46ecbd/ENCFF299BOK.bam	ENCODE4 v3.0.0-alpha.2 GRCh38	released		NA	NA	Embryo/Fetal
ENCFF087RIS	bam	bam	NA	alignments	GRCh38	ENCSR267UFM	DNase-seq	UBERON:0001987	placenta	tissue	Homo sapiens	NA	NA	NA	NA	NA	NA	NA	NA	NA	NA	DNA	NA	NA	NA	NA	NA	2020-09-28	ENCODE	NA	NA	NA	1	1_1	NA	NA	NA	NA	NA	NA	/files/ENCFF920RJY/, /files/ENCFF762MJQ/	13222430701	ENCODE Processing Pipeline	d5dea2177ca40ceacf29c467d98fb0d9	NA	https://www.encodeproject.org/files/ENCFF087RIS/@@download/ENCFF087RIS.bam	NA	NA	NA	released	s3://encode-public/2020/09/28/ab947168-3c9a-4aae-81d5-d75d9a626241/ENCFF087RIS.bam	ENCODE4 v3.0.0-alpha.2 GRCh38	released		NA	NA	Embryo/Fetal
ENCFF142TSY	bam	bam	NA	alignments	GRCh38	ENCSR395EZY	DNase-seq	UBERON:0001987	placenta	tissue	Homo sapiens	NA	NA	NA	NA	NA	NA	NA	NA	NA	NA	DNA	NA	NA	NA	NA	NA	2020-09-28	ENCODE	NA	NA	NA	1	1_1	NA	NA	NA	NA	NA	NA	/files/ENCFF979EHK/, /files/ENCFF762MJQ/	11473395085	ENCODE Processing Pipeline	930f215b6dec65228d6aeedce9e2325a	NA	https://www.encodeproject.org/files/ENCFF142TSY/@@download/ENCFF142TSY.bam	NA	NA	NA	released	s3://encode-public/2020/09/28/434096bf-75e0-48ba-8ce9-fd913342ecc1/ENCFF142TSY.bam	ENCODE4 v3.0.0-alpha.2 GRCh38	released		NA	NA	Embryo/Fetal
ENCFF417GFB	bam	bam	NA	alignments	GRCh38	ENCSR831QMZ	DNase-seq	UBERON:0001987	placenta	tissue	Homo sapiens	NA	NA	NA	NA	NA	NA	NA	NA	NA	NA	DNA	NA	NA	NA	NA	NA	2020-09-28	ENCODE	NA	NA	NA	1	1_1	NA	NA	NA	NA	NA	NA	/files/ENCFF762MJQ/, /files/ENCFF853ULP/	10087105974	ENCODE Processing Pipeline	328d2af9e6870f1958b33d8b3a05ab30	NA	https://www.encodeproject.org/files/ENCFF417GFB/@@download/ENCFF417GFB.bam	NA	NA	NA	released	s3://encode-public/2020/09/28/942a11ec-d851-4ced-b877-0e01fd6b9f47/ENCFF417GFB.bam	ENCODE4 v3.0.0-alpha.2 GRCh38	released		NA	NA	Embryo/Fetal
ENCFF294GFM	bam	bam	NA	alignments	GRCh38	ENCSR212VEN	DNase-seq	UBERON:0001987	placenta	tissue	Homo sapiens	NA	NA	NA	NA	NA	NA	NA	NA	NA	NA	DNA	NA	NA	NA	NA	NA	2020-09-28	ENCODE	NA	NA	NA	1	1_1	NA	NA	NA	NA	NA	NA	/files/ENCFF319NBQ/, /files/ENCFF762MJQ/	10631657634	ENCODE Processing Pipeline	d4ae922dd0ecd5d0d82e5ab89ed6195c	NA	https://www.encodeproject.org/files/ENCFF294GFM/@@download/ENCFF294GFM.bam	NA	NA	NA	released	s3://encode-public/2020/09/28/a90302a4-b607-4362-ba54-32383089beeb/ENCFF294GFM.bam	ENCODE4 v3.0.0-alpha.2 GRCh38	released		NA	NA	Embryo/Fetal
ENCFF828ORU	bam	bam	NA	alignments	GRCh38	ENCSR336RGT	DNase-seq	UBERON:0001987	placenta	tissue	Homo sapiens	NA	NA	NA	NA	NA	NA	NA	NA	NA	NA	DNA	NA	NA	NA	NA	NA	2020-09-28	ENCODE	NA	NA	NA	1	1_1	NA	NA	NA	NA	NA	NA	/files/ENCFF762MJQ/, /files/ENCFF627NPZ/	9433475756	ENCODE Processing Pipeline	fe965ae9610f325428bb1ee7d09cfd17	NA	https://www.encodeproject.org/files/ENCFF828ORU/@@download/ENCFF828ORU.bam	NA	NA	NA	released	s3://encode-public/2020/09/28/7b98769f-2761-4fff-a39d-969ad2baf8a5/ENCFF828ORU.bam	ENCODE4 v3.0.0-alpha.2 GRCh38	released		NA	NA	Embryo/Fetal
ENCFF549ODR	bam	bam	NA	alignments	GRCh38	ENCSR566VAK	DNase-seq	UBERON:0001987	placenta	tissue	Homo sapiens	NA	NA	NA	NA	NA	NA	NA	NA	NA	NA	DNA	NA	NA	NA	NA	NA	2020-09-28	ENCODE	NA	NA	NA	1	1_1	NA	NA	NA	NA	NA	NA	/files/ENCFF856CWP/, /files/ENCFF762MJQ/	11607226916	ENCODE Processing Pipeline	99eea2022d484d594e01f2cf9e02648e	NA	https://www.encodeproject.org/files/ENCFF549ODR/@@download/ENCFF549ODR.bam	NA	NA	NA	released	s3://encode-public/2020/09/28/6c1379c9-5cce-480d-8e2b-84d483735308/ENCFF549ODR.bam	ENCODE4 v3.0.0-alpha.2 GRCh38	released		NA	NA	Embryo/Fetal
ENCFF355MYX	bam	bam	NA	alignments	GRCh38	ENCSR749MUH	DNase-seq	UBERON:0002046	thyroid gland	tissue	Homo sapiens	NA	NA	NA	NA	NA	NA	NA	NA	NA	NA	DNA	NA	NA	NA	NA	NA	2019-11-08	ENCODE	NA	NA	NA	1	1_1	NA	NA	NA	NA	NA	NA	/files/ENCFF107AQU/, /files/ENCFF762MJQ/	7394210319	ENCODE Processing Pipeline	fa93b5d9baeb994561080bb757085920	NA	https://www.encodeproject.org/files/ENCFF355MYX/@@download/ENCFF355MYX.bam	NA	NA	NA	released	s3://encode-public/2020/10/06/68e19b7d-be48-4b72-900a-7f2c2e31c99b/ENCFF355MYX.bam	ENCODE4 v3.0.0-alpha.2 GRCh38	released		NA	NA	Adult
ENCFF103KZD	bam	bam	NA	alignments	GRCh38	ENCSR374VQC	DNase-seq	UBERON:0002078	right cardiac atrium	tissue	Homo sapiens	NA	NA	NA	NA	NA	NA	NA	NA	NA	NA	DNA	NA	NA	NA	NA	NA	2020-09-28	ENCODE	NA	NA	NA	1	1_1	NA	NA	NA	NA	NA	NA	/files/ENCFF174QIK/, /files/ENCFF762MJQ/	7530713222	ENCODE Processing Pipeline	3c3eb2ddae636001c2e83f5a6df09f10	NA	https://www.encodeproject.org/files/ENCFF103KZD/@@download/ENCFF103KZD.bam	NA	NA	NA	released	s3://encode-public/2020/09/28/efd3b62d-5d04-4463-a247-5d66bc7f1a76/ENCFF103KZD.bam	ENCODE4 v3.0.0-alpha.2 GRCh38	released		NA	NA	Adult
ENCFF104IKA	bam	bam	NA	alignments	GRCh38	ENCSR485UQY	DNase-seq	UBERON:0002078	right cardiac atrium	tissue	Homo sapiens	NA	NA	NA	NA	NA	NA	NA	NA	NA	NA	DNA	NA	NA	NA	NA	NA	2020-10-02	ENCODE	NA	NA	NA	1	1_1	NA	NA	NA	NA	NA	NA	/files/ENCFF762MJQ/, /files/ENCFF964OVF/	6935542887	ENCODE Processing Pipeline	4fe117887e842331ab6103c4438fb1b1	NA	https://www.encodeproject.org/files/ENCFF104IKA/@@download/ENCFF104IKA.bam	NA	NA	NA	released	s3://encode-public/2020/09/28/afe479b4-f88b-4a75-93a7-7a0f4a026b5f/ENCFF104IKA.bam	ENCODE4 v3.0.0-alpha.2 GRCh38	released		NA	NA	Adult
ENCFF369ITQ	bam	bam	NA	alignments	GRCh38	ENCSR622HTS	DNase-seq	UBERON:0002078	right cardiac atrium	tissue	Homo sapiens	NA	NA	NA	NA	NA	NA	NA	NA	NA	NA	DNA	NA	NA	NA	NA	NA	2020-09-28	ENCODE	NA	NA	NA	1	1_1	NA	NA	NA	NA	NA	NA	/files/ENCFF629PRO/, /files/ENCFF762MJQ/	5641456950	ENCODE Processing Pipeline	50453bd55d5ce9bd14481364443860c1	NA	https://www.encodeproject.org/files/ENCFF369ITQ/@@download/ENCFF369ITQ.bam	NA	NA	NA	released	s3://encode-public/2020/09/28/16290766-19da-43b3-80fc-bc893107e26b/ENCFF369ITQ.bam	ENCODE4 v3.0.0-alpha.2 GRCh38	released		NA	NA	Adult
ENCFF366VIM	bam	bam	NA	alignments	GRCh38	ENCSR238FMP	DNase-seq	UBERON:0002080	heart right ventricle	tissue	Homo sapiens	NA	NA	NA	NA	NA	NA	NA	NA	NA	NA	DNA	NA	NA	NA	NA	NA	2020-09-28	ENCODE	NA	NA	NA	1	1_1	NA	NA	NA	NA	NA	NA	/files/ENCFF810EZP/, /files/ENCFF762MJQ/	4934567860	ENCODE Processing Pipeline	575ce443b477d311fd6c4b0659b176e8	NA	https://www.encodeproject.org/files/ENCFF366VIM/@@download/ENCFF366VIM.bam	NA	NA	NA	released	s3://encode-public/2020/09/25/439e1d90-3f96-4254-8815-c7dd80fceb11/ENCFF366VIM.bam	ENCODE4 v3.0.0-alpha.2 GRCh38	released		NA	NA	Adult
ENCFF287TWO	bam	bam	NA	alignments	GRCh38	ENCSR298OIK	DNase-seq	UBERON:0002080	heart right ventricle	tissue	Homo sapiens	NA	NA	NA	NA	NA	NA	NA	NA	NA	NA	DNA	NA	NA	NA	NA	NA	2020-09-28	ENCODE	NA	NA	NA	1	1_1	NA	NA	NA	NA	NA	NA	/files/ENCFF505BWK/, /files/ENCFF762MJQ/	6959540120	ENCODE Processing Pipeline	dad0995a02a15beeba4eb2a954921276	NA	https://www.encodeproject.org/files/ENCFF287TWO/@@download/ENCFF287TWO.bam	NA	NA	NA	released	s3://encode-public/2020/09/27/36c3829c-0403-447e-b125-730daadb16f0/ENCFF287TWO.bam	ENCODE4 v3.0.0-alpha.2 GRCh38	released		NA	NA	Adult
ENCFF631HMZ	bam	bam	NA	alignments	GRCh38	ENCSR299QGI	DNase-seq	UBERON:0002084	heart left ventricle	tissue	Homo sapiens	NA	NA	NA	NA	NA	NA	NA	NA	NA	NA	DNA	NA	NA	NA	NA	NA	2020-09-28	ENCODE	NA	NA	NA	1	1_1	NA	NA	NA	NA	NA	NA	/files/ENCFF676NHC/, /files/ENCFF762MJQ/	7362691761	ENCODE Processing Pipeline	906854d5b0bf88f235ccd3f7a3426366	NA	https://www.encodeproject.org/files/ENCFF631HMZ/@@download/ENCFF631HMZ.bam	NA	NA	NA	released	s3://encode-public/2020/09/25/cce67410-ae40-43a8-8c67-69b1149ddcdf/ENCFF631HMZ.bam	ENCODE4 v3.0.0-alpha.2 GRCh38	released		NA	NA	Adult
ENCFF284XQW	bam	bam	NA	alignments	GRCh38	ENCSR222CLC	DNase-seq	UBERON:0002084	heart left ventricle	tissue	Homo sapiens	NA	NA	NA	NA	NA	NA	NA	NA	NA	NA	DNA	NA	NA	NA	NA	NA	2020-09-28	ENCODE	NA	NA	NA	1	1_1	NA	NA	NA	NA	NA	NA	/files/ENCFF046WBW/, /files/ENCFF762MJQ/	7786664811	ENCODE Processing Pipeline	6c350989341058ec57303ca2d20dd1bf	NA	https://www.encodeproject.org/files/ENCFF284XQW/@@download/ENCFF284XQW.bam	NA	NA	NA	released	s3://encode-public/2020/09/25/78f7f224-3865-406b-8a2a-b862692c32d6/ENCFF284XQW.bam	ENCODE4 v3.0.0-alpha.2 GRCh38	released		NA	NA	Adult
ENCFF682TBE	bam	bam	NA	alignments	GRCh38	ENCSR598RVJ	DNase-seq	UBERON:0002084	heart left ventricle	tissue	Homo sapiens	NA	NA	NA	NA	NA	NA	NA	NA	NA	NA	DNA	NA	NA	NA	NA	NA	2020-09-28	ENCODE	NA	NA	NA	1	1_1	NA	NA	NA	NA	NA	NA	/files/ENCFF762MJQ/, /files/ENCFF594GME/	6439292827	ENCODE Processing Pipeline	4a66c503889585f815ffcc0842b24e56	NA	https://www.encodeproject.org/files/ENCFF682TBE/@@download/ENCFF682TBE.bam	NA	NA	NA	released	s3://encode-public/2020/09/25/ce937227-7aef-4d9c-b98a-548b879dea81/ENCFF682TBE.bam	ENCODE4 v3.0.0-alpha.2 GRCh38	released		NA	NA	Adult
ENCFF041ZOJ	bam	bam	NA	alignments	GRCh38	ENCSR747SEU	DNase-seq	UBERON:0002084	heart left ventricle	tissue	Homo sapiens	NA	NA	NA	NA	NA	NA	NA	NA	NA	NA	DNA	NA	NA	NA	NA	NA	2020-09-28	ENCODE	NA	NA	NA	1	1_1	NA	NA	NA	NA	NA	NA	/files/ENCFF762MJQ/, /files/ENCFF774IGM/	6278347314	ENCODE Processing Pipeline	a6790ce78dafe7b410c7a79dad6b2d19	NA	https://www.encodeproject.org/files/ENCFF041ZOJ/@@download/ENCFF041ZOJ.bam	NA	NA	NA	released	s3://encode-public/2020/09/25/a4e0fdae-74d9-45d6-9145-f905b637bf0a/ENCFF041ZOJ.bam	ENCODE4 v3.0.0-alpha.2 GRCh38	released		NA	NA	Adult
ENCFF154ILG	bam	bam	NA	alignments	GRCh38	ENCSR395HAE	DNase-seq	UBERON:0002084	heart left ventricle	tissue	Homo sapiens	NA	NA	NA	NA	NA	NA	NA	NA	NA	NA	DNA	NA	NA	NA	NA	NA	2020-09-28	ENCODE	NA	NA	NA	1	1_1	NA	NA	NA	NA	NA	NA	/files/ENCFF603MKF/, /files/ENCFF762MJQ/	6338231542	ENCODE Processing Pipeline	de92fb87e666baca4d82fca820a9cff6	NA	https://www.encodeproject.org/files/ENCFF154ILG/@@download/ENCFF154ILG.bam	NA	NA	NA	released	s3://encode-public/2020/09/25/bf79a56c-6296-47ca-a979-18b6cf258ceb/ENCFF154ILG.bam	ENCODE4 v3.0.0-alpha.2 GRCh38	released		NA	NA	Adult
ENCFF136TSS	bam	bam	NA	alignments	GRCh38	ENCSR567EEO	DNase-seq	UBERON:0002106	spleen	tissue	Homo sapiens	NA	NA	NA	NA	NA	NA	NA	NA	NA	NA	DNA	NA	NA	NA	NA	NA	2020-10-02	ENCODE	NA	NA	NA	1	1_1	NA	NA	NA	NA	NA	NA	/files/ENCFF470LMW/, /files/ENCFF762MJQ/	10792995925	ENCODE Processing Pipeline	c6ca36c7835436584208d3fd1653459b	NA	https://www.encodeproject.org/files/ENCFF136TSS/@@download/ENCFF136TSS.bam	NA	NA	NA	released	s3://encode-public/2020/09/28/004dae46-b399-4236-a8a3-456ff21c880b/ENCFF136TSS.bam	ENCODE4 v3.0.0-alpha.2 GRCh38	released		NA	NA	Adult
ENCFF742VCI	bam	bam	NA	alignments	GRCh38	ENCSR931UQB	DNase-seq	UBERON:0002108	small intestine	tissue	Homo sapiens	NA	NA	NA	NA	NA	NA	NA	NA	NA	NA	DNA	NA	NA	NA	NA	NA	2013-07-31	Roadmap	NA	NA	NA	1	1_1, 1_2	NA	NA	NA	NA	NA	NA	/files/ENCFF762MJQ/, /files/ENCFF058UUA/	12017828464	ENCODE Processing Pipeline	0b3339e3ebd2aeb48211452996db00d8	NA	https://www.encodeproject.org/files/ENCFF742VCI/@@download/ENCFF742VCI.bam	NA	NA	NA	released	s3://encode-public/2020/09/24/fc4871a1-60ec-4828-ad2f-e32ca029394e/ENCFF742VCI.bam	ENCODE4 v3.0.0-alpha.2 GRCh38	released		NA	NA	Adult
ENCFF868XKM	bam	bam	NA	alignments	GRCh38	ENCSR945RWN	DNase-seq	UBERON:0002108	small intestine	tissue	Homo sapiens	NA	NA	NA	NA	NA	NA	NA	NA	NA	NA	DNA	NA	NA	NA	NA	NA	2013-07-31	Roadmap	NA	NA	NA	1	1_2	NA	NA	NA	NA	NA	NA	/files/ENCFF931AYT/, /files/ENCFF762MJQ/	16848457099	ENCODE Processing Pipeline	49c49092bfc5a7ebe085f672ed43338d	NA	https://www.encodeproject.org/files/ENCFF868XKM/@@download/ENCFF868XKM.bam	NA	NA	NA	released	s3://encode-public/2020/11/16/0f34e37c-65eb-483c-8738-a74eaa74e3e2/ENCFF868XKM.bam	ENCODE4 v3.0.0 GRCh38	released		NA	NA	Embryo/Fetal
ENCFF698CEN	bam	bam	NA	alignments	GRCh38	ENCSR206OJJ	DNase-seq	UBERON:0002113	kidney	tissue	Homo sapiens	NA	NA	NA	NA	NA	NA	NA	NA	NA	NA	DNA	NA	NA	NA	NA	NA	2020-09-28	ENCODE	NA	NA	NA	1	1_1	NA	NA	NA	NA	NA	NA	/files/ENCFF044XJG/, /files/ENCFF762MJQ/	9402255863	ENCODE Processing Pipeline	93a17b6fdb0edf1224fed590c2caa2ee	NA	https://www.encodeproject.org/files/ENCFF698CEN/@@download/ENCFF698CEN.bam	NA	NA	NA	released	s3://encode-public/2020/09/27/0f2e1d78-fbc5-4c57-a00d-c8d093d55dd0/ENCFF698CEN.bam	ENCODE4 v3.0.0-alpha.2 GRCh38	released		NA	NA	Adult
ENCFF277SFH	bam	bam	NA	alignments	GRCh38	ENCSR723VNG	DNase-seq	UBERON:0002168	left lung	tissue	Homo sapiens	NA	NA	NA	NA	NA	NA	NA	NA	NA	NA	DNA	NA	NA	NA	NA	NA	2020-09-28	ENCODE	NA	NA	NA	1	1_1	NA	NA	NA	NA	NA	NA	/files/ENCFF762MJQ/, /files/ENCFF799RBH/	8728045159	ENCODE Processing Pipeline	25f308ccadd55d6f6dde8949dfc0a0eb	NA	https://www.encodeproject.org/files/ENCFF277SFH/@@download/ENCFF277SFH.bam	NA	NA	NA	released	s3://encode-public/2020/09/27/3f57087f-5aa7-4c45-980c-48228b4e63b2/ENCFF277SFH.bam	ENCODE4 v3.0.0-alpha.2 GRCh38	released		NA	NA	Adult
ENCFF646WNW	bam	bam	NA	alignments	GRCh38	ENCSR541JMK	DNase-seq	UBERON:0002369	adrenal gland	tissue	Homo sapiens	NA	NA	NA	NA	NA	NA	NA	NA	NA	NA	DNA	NA	NA	NA	NA	NA	2020-09-19	ENCODE	NA	NA	NA	1	1_1	NA	NA	NA	NA	NA	NA	/files/ENCFF739QZS/, /files/ENCFF762MJQ/	8468401126	ENCODE Processing Pipeline	ecfc5ef7f25ff719ed25683c89c3b11d	NA	https://www.encodeproject.org/files/ENCFF646WNW/@@download/ENCFF646WNW.bam	NA	NA	NA	released	s3://encode-public/2020/09/16/2b75b8d9-967e-4103-bf9a-6a67b2052839/ENCFF646WNW.bam	ENCODE4 v3.0.0-alpha.2 GRCh38	released		NA	NA	Adult
ENCFF683WUB	bam	bam	NA	alignments	GRCh38	ENCSR325FWM	DNase-seq	UBERON:0002369	adrenal gland	tissue	Homo sapiens	NA	NA	NA	NA	NA	NA	NA	NA	NA	NA	DNA	NA	NA	NA	NA	NA	2020-09-28	ENCODE	NA	NA	NA	1	1_1	NA	NA	NA	NA	NA	NA	/files/ENCFF502HWT/, /files/ENCFF762MJQ/	7315139685	ENCODE Processing Pipeline	9ad79fc73aa61e407704a97dec5c4940	NA	https://www.encodeproject.org/files/ENCFF683WUB/@@download/ENCFF683WUB.bam	NA	NA	NA	released	s3://encode-public/2020/09/25/11632d00-11ea-4ab9-9c9e-9d61f97584e3/ENCFF683WUB.bam	ENCODE4 v3.0.0-alpha.2 GRCh38	released		NA	NA	Adult
ENCFF208SNA	bam	bam	NA	alignments	GRCh38	ENCSR458AOS	DNase-seq	UBERON:0002369	adrenal gland	tissue	Homo sapiens	NA	NA	NA	NA	NA	NA	NA	NA	NA	NA	DNA	NA	NA	NA	NA	NA	2019-11-08	ENCODE	NA	NA	NA	1	1_1	NA	NA	NA	NA	NA	NA	/files/ENCFF672LXJ/, /files/ENCFF762MJQ/	11681722684	ENCODE Processing Pipeline	3ab9c6395fede6880273949f86a07380	NA	https://www.encodeproject.org/files/ENCFF208SNA/@@download/ENCFF208SNA.bam	NA	NA	NA	released	s3://encode-public/2020/10/06/0047e33b-0336-4d77-8e57-59caeba0ee2b/ENCFF208SNA.bam	ENCODE4 v3.0.0-alpha.2 GRCh38	released		NA	NA	Adult
ENCFF820EVO	bam	bam	NA	alignments	GRCh38	ENCSR259GYP	DNase-seq	UBERON:0002369	adrenal gland	tissue	Homo sapiens	NA	NA	NA	NA	NA	NA	NA	NA	NA	NA	DNA	NA	NA	NA	NA	NA	2019-11-08	ENCODE	NA	NA	NA	1	1_1	NA	NA	NA	NA	NA	NA	/files/ENCFF584UUX/, /files/ENCFF762MJQ/	6724202396	ENCODE Processing Pipeline	6a1359255020a86b4f379ab44c6b38ba	NA	https://www.encodeproject.org/files/ENCFF820EVO/@@download/ENCFF820EVO.bam	NA	NA	NA	released	s3://encode-public/2020/09/16/47216223-79e1-4cb7-aa26-cf1da511bfa5/ENCFF820EVO.bam	ENCODE4 v3.0.0-alpha.2 GRCh38	released		NA	NA	Adult
ENCFF524ITC	bam	bam	NA	alignments	GRCh38	ENCSR053ZKP	DNase-seq	UBERON:0002369	adrenal gland	tissue	Homo sapiens	NA	NA	NA	NA	NA	NA	NA	NA	NA	NA	DNA	NA	NA	NA	NA	NA	2019-11-08	ENCODE	NA	NA	NA	1	1_1	NA	NA	NA	NA	NA	NA	/files/ENCFF786YNA/, /files/ENCFF762MJQ/	8948448359	ENCODE Processing Pipeline	c89d409bade4c3cd5950809f1258be47	NA	https://www.encodeproject.org/files/ENCFF524ITC/@@download/ENCFF524ITC.bam	NA	NA	NA	released	s3://encode-public/2020/10/06/e48ddaf4-a80c-4eee-b923-e282c9f89ef1/ENCFF524ITC.bam	ENCODE4 v3.0.0-alpha.2 GRCh38	released		NA	NA	Adult
ENCFF375NXF	bam	bam	NA	alignments	GRCh38	ENCSR426KLJ	DNase-seq	UBERON:0006483	middle frontal area 46	tissue	Homo sapiens	NA	NA	NA	NA	NA	NA	NA	NA	NA	NA	DNA	NA	NA	NA	NA	NA	2020-09-28	ENCODE	NA	NA	NA	1	1_1	NA	NA	NA	NA	NA	NA	/files/ENCFF976ONE/, /files/ENCFF762MJQ/	5535279476	ENCODE Processing Pipeline	3415dd24db5be069713d93f9a520281c	NA	https://www.encodeproject.org/files/ENCFF375NXF/@@download/ENCFF375NXF.bam	NA	NA	NA	released	s3://encode-public/2020/09/25/9eaaf46e-d903-4741-8530-615556508b59/ENCFF375NXF.bam	ENCODE4 v3.0.0-alpha.2 GRCh38	released		NA	NA	Adult
ENCFF291ZCY	bam	bam	NA	alignments	GRCh38	ENCSR215DXT	DNase-seq	UBERON:0006483	middle frontal area 46	tissue	Homo sapiens	NA	NA	NA	NA	NA	NA	NA	NA	NA	NA	DNA	NA	NA	NA	NA	NA	2020-09-28	ENCODE	NA	NA	NA	1	1_1	NA	NA	NA	NA	NA	NA	/files/ENCFF762MJQ/, /files/ENCFF452BEP/	4498918097	ENCODE Processing Pipeline	c32d9409c2be97d4b7d00850d1f43b21	NA	https://www.encodeproject.org/files/ENCFF291ZCY/@@download/ENCFF291ZCY.bam	NA	NA	NA	released	s3://encode-public/2020/09/25/820fc546-0afd-4d4b-8313-c143d1b4c296/ENCFF291ZCY.bam	ENCODE4 v3.0.0-alpha.2 GRCh38	released		NA	NA	Adult
ENCFF617VLY	bam	bam	NA	alignments	GRCh38	ENCSR329FAP	DNase-seq	UBERON:0006483	middle frontal area 46	tissue	Homo sapiens	NA	NA	NA	NA	NA	NA	NA	NA	NA	NA	DNA	NA	NA	NA	NA	NA	2021-01-12	ENCODE	NA	NA	NA	1	1_1	NA	NA	NA	NA	NA	NA	/files/ENCFF762MJQ/, /files/ENCFF003TLE/	4371906220	ENCODE Processing Pipeline	d0c6ef0afa469bc1f02f43618fcbc081	NA	https://www.encodeproject.org/files/ENCFF617VLY/@@download/ENCFF617VLY.bam	NA	NA	NA	released	s3://encode-public/2021/01/12/799054b6-6a2f-495c-9eda-f18dc868471f/ENCFF617VLY.bam	ENCODE4 v3.0.0 GRCh38	released		NA	NA	Adult
ENCFF647TPO	bam	bam	NA	alignments	GRCh38	ENCSR570BWW	DNase-seq	UBERON:0006483	middle frontal area 46	tissue	Homo sapiens	NA	NA	NA	NA	NA	NA	NA	NA	NA	NA	DNA	NA	NA	NA	NA	NA	2021-01-11	ENCODE	NA	NA	NA	1	1_1	NA	NA	NA	NA	NA	NA	/files/ENCFF379KEV/, /files/ENCFF762MJQ/	7054883533	ENCODE Processing Pipeline	a2ec78815cd936eb0bc0a839d12902e8	NA	https://www.encodeproject.org/files/ENCFF647TPO/@@download/ENCFF647TPO.bam	NA	NA	NA	released	s3://encode-public/2021/01/08/27f3e8f0-0677-4cc0-b0d8-3b306728b529/ENCFF647TPO.bam	ENCODE4 v3.0.0 GRCh38	released		NA	NA	Adult
ENCFF344RYW	bam	bam	NA	alignments	GRCh38	ENCSR686LOE	DNase-seq	UBERON:0006483	middle frontal area 46	tissue	Homo sapiens	NA	NA	NA	NA	NA	NA	NA	NA	NA	NA	DNA	NA	NA	NA	NA	NA	2020-09-28	ENCODE	NA	NA	NA	1	1_1	NA	NA	NA	NA	NA	NA	/files/ENCFF542UZY/, /files/ENCFF762MJQ/	6885992925	ENCODE Processing Pipeline	7af1b75e729baadc2c1bd86592e03094	NA	https://www.encodeproject.org/files/ENCFF344RYW/@@download/ENCFF344RYW.bam	NA	NA	NA	released	s3://encode-public/2020/09/25/1e4be230-5c01-4189-a794-bd77a34b8ac6/ENCFF344RYW.bam	ENCODE4 v3.0.0-alpha.2 GRCh38	released		NA	NA	Adult
ENCFF206ZKI	bam	bam	NA	alignments	GRCh38	ENCSR351FWN	DNase-seq	UBERON:0006483	middle frontal area 46	tissue	Homo sapiens	NA	NA	NA	NA	NA	NA	NA	NA	NA	NA	DNA	NA	NA	NA	NA	NA	2020-09-28	ENCODE	NA	NA	NA	1	1_1	NA	NA	NA	NA	NA	NA	/files/ENCFF762MJQ/, /files/ENCFF687NUR/	5946923147	ENCODE Processing Pipeline	5f43708418fcd0ee5829decd9af9a003	NA	https://www.encodeproject.org/files/ENCFF206ZKI/@@download/ENCFF206ZKI.bam	NA	NA	NA	released	s3://encode-public/2020/09/25/4a39390d-adea-4fc4-9f6a-6f6c150b7db6/ENCFF206ZKI.bam	ENCODE4 v3.0.0-alpha.2 GRCh38	released		NA	NA	Adult
ENCFF892OLB	bam	bam	NA	alignments	GRCh38	ENCSR532DBH	DNase-seq	UBERON:0006483	middle frontal area 46	tissue	Homo sapiens	NA	NA	NA	NA	NA	NA	NA	NA	NA	NA	DNA	NA	NA	NA	NA	NA	2020-09-28	ENCODE	NA	NA	NA	1	1_1	NA	NA	NA	NA	NA	NA	/files/ENCFF168JKK/, /files/ENCFF762MJQ/	6018867852	ENCODE Processing Pipeline	74f623d4b4734f9d7310b6ec8e853a22	NA	https://www.encodeproject.org/files/ENCFF892OLB/@@download/ENCFF892OLB.bam	NA	NA	NA	released	s3://encode-public/2020/09/25/8d1e91ea-79a4-40a3-8798-6e59a4dc5d77/ENCFF892OLB.bam	ENCODE4 v3.0.0-alpha.2 GRCh38	released		NA	NA	Adult
ENCFF879QFZ	bam	bam	NA	alignments	GRCh38	ENCSR819GAF	DNase-seq	UBERON:0006483	middle frontal area 46	tissue	Homo sapiens	NA	NA	NA	NA	NA	NA	NA	NA	NA	NA	DNA	NA	NA	NA	NA	NA	2020-09-28	ENCODE	NA	NA	NA	1	1_1	NA	NA	NA	NA	NA	NA	/files/ENCFF762MJQ/, /files/ENCFF522BTV/	6285724773	ENCODE Processing Pipeline	1df6df9852eebc0d7cf623a5b6863c41	NA	https://www.encodeproject.org/files/ENCFF879QFZ/@@download/ENCFF879QFZ.bam	NA	NA	NA	released	s3://encode-public/2020/09/25/fc0d3c50-c6ca-42b7-8614-aa075795fdf5/ENCFF879QFZ.bam	ENCODE4 v3.0.0-alpha.2 GRCh38	released		NA	NA	Adult
ENCFF865REX	bam	bam	NA	alignments	GRCh38	ENCSR785MXI	DNase-seq	UBERON:0006483	middle frontal area 46	tissue	Homo sapiens	NA	NA	NA	NA	NA	NA	NA	NA	NA	NA	DNA	NA	NA	NA	NA	NA	2021-01-12	ENCODE	NA	NA	NA	1	1_1	NA	NA	NA	NA	NA	NA	/files/ENCFF762MJQ/, /files/ENCFF899FOU/	6121948754	ENCODE Processing Pipeline	468de62b2f29fb0ab1d8a9e52a11631c	NA	https://www.encodeproject.org/files/ENCFF865REX/@@download/ENCFF865REX.bam	NA	NA	NA	released	s3://encode-public/2021/01/12/16942797-517e-49db-8814-4227e2613ad0/ENCFF865REX.bam	ENCODE4 v3.0.0 GRCh38	released		NA	NA	Adult
ENCFF090MWN	bam	bam	NA	alignments	GRCh38	ENCSR102RSU	DNase-seq	UBERON:0007610	tibial artery	tissue	Homo sapiens	NA	NA	NA	NA	NA	NA	NA	NA	NA	NA	DNA	NA	NA	NA	NA	NA	2019-11-08	ENCODE	NA	NA	NA	1	1_1	NA	NA	NA	NA	NA	NA	/files/ENCFF762MJQ/, /files/ENCFF900EOB/	6140505225	ENCODE Processing Pipeline	492b347db78801d78494267c4c457333	NA	https://www.encodeproject.org/files/ENCFF090MWN/@@download/ENCFF090MWN.bam	NA	NA	NA	released	s3://encode-public/2020/10/06/a12871aa-9e25-4a64-8a5e-8287a804ca79/ENCFF090MWN.bam	ENCODE4 v3.0.0-alpha.2 GRCh38	released		NA	NA	Adult
ENCFF217PGC	bam	bam	NA	alignments	GRCh38	ENCSR090IDV	DNase-seq	UBERON:0007610	tibial artery	tissue	Homo sapiens	NA	NA	NA	NA	NA	NA	NA	NA	NA	NA	DNA	NA	NA	NA	NA	NA	2019-11-08	ENCODE	NA	NA	NA	1	1_1	NA	NA	NA	NA	NA	NA	/files/ENCFF762MJQ/, /files/ENCFF253QFB/	8774447134	ENCODE Processing Pipeline	48149ef78c984789f6096aba6a772e3c	NA	https://www.encodeproject.org/files/ENCFF217PGC/@@download/ENCFF217PGC.bam	NA	NA	NA	released	s3://encode-public/2020/10/06/fd5c9636-1605-4a65-b864-8d8f4cfb4427/ENCFF217PGC.bam	ENCODE4 v3.0.0-alpha.2 GRCh38	released		NA	NA	Adult
ENCFF824KSF	bam	bam	NA	alignments	GRCh38	ENCSR909YET	DNase-seq	UBERON:0008952	upper lobe of left lung	tissue	Homo sapiens	NA	NA	NA	NA	NA	NA	NA	NA	NA	NA	DNA	NA	NA	NA	NA	NA	2020-10-02	ENCODE	NA	NA	NA	1	1_1	NA	NA	NA	NA	NA	NA	/files/ENCFF762MJQ/, /files/ENCFF459ABZ/	7510033851	ENCODE Processing Pipeline	b145a990b411d22a1fba2fcf3b8eb7dc	NA	https://www.encodeproject.org/files/ENCFF824KSF/@@download/ENCFF824KSF.bam	NA	NA	NA	released	s3://encode-public/2020/09/28/41da31c8-6c97-4276-9fe8-053466d2924d/ENCFF824KSF.bam	ENCODE4 v3.0.0-alpha.2 GRCh38	released		NA	NA	Adult
ENCFF125WQU	bam	bam	NA	alignments	GRCh38	ENCSR323UTX	DNase-seq	UBERON:0008952	upper lobe of left lung	tissue	Homo sapiens	NA	NA	NA	NA	NA	NA	NA	NA	NA	NA	DNA	NA	NA	NA	NA	NA	2019-11-08	ENCODE	NA	NA	NA	1	1_1	NA	NA	NA	NA	NA	NA	/files/ENCFF067FPS/, /files/ENCFF762MJQ/	7245243897	ENCODE Processing Pipeline	06b4d1f692361db0e914f2f150c538ef	NA	https://www.encodeproject.org/files/ENCFF125WQU/@@download/ENCFF125WQU.bam	NA	NA	NA	released	s3://encode-public/2020/09/16/d56a7920-a91f-47a8-be18-131be5a1c1ca/ENCFF125WQU.bam	ENCODE4 v3.0.0-alpha.2 GRCh38	released		NA	NA	Adult
ENCFF003RMN	bam	bam	NA	alignments	GRCh38	ENCSR537BGX	DNase-seq	UBERON:0008953	lower lobe of left lung	tissue	Homo sapiens	NA	NA	NA	NA	NA	NA	NA	NA	NA	NA	DNA	NA	NA	NA	NA	NA	2020-09-28	ENCODE	NA	NA	NA	1	1_1	NA	NA	NA	NA	NA	NA	/files/ENCFF368VTG/, /files/ENCFF762MJQ/	7796924978	ENCODE Processing Pipeline	ea0b7f19899e131ab8528b6b03ab33cd	NA	https://www.encodeproject.org/files/ENCFF003RMN/@@download/ENCFF003RMN.bam	NA	NA	NA	released	s3://encode-public/2020/09/27/5c315d61-5b0d-4e71-9d01-44e86180bb0e/ENCFF003RMN.bam	ENCODE4 v3.0.0-alpha.2 GRCh38	released		NA	NA	Adult
ENCFF483RKV	bam	bam	NA	alignments	GRCh38	ENCSR757NJT	DNase-seq	UBERON:0008953	lower lobe of left lung	tissue	Homo sapiens	NA	NA	NA	NA	NA	NA	NA	NA	NA	NA	DNA	NA	NA	NA	NA	NA	2020-09-28	ENCODE	NA	NA	NA	1	1_1	NA	NA	NA	NA	NA	NA	/files/ENCFF762MJQ/, /files/ENCFF638DOH/	12490633254	ENCODE Processing Pipeline	e0586f51e60b02f69ad9377c1a814a5a	NA	https://www.encodeproject.org/files/ENCFF483RKV/@@download/ENCFF483RKV.bam	NA	NA	NA	released	s3://encode-public/2020/09/27/8dec8aae-3d65-4842-a29c-63217728f15e/ENCFF483RKV.bam	ENCODE4 v3.0.0-alpha.2 GRCh38	released		NA	NA	Adult
ENCFF490UZS	bam	bam	NA	alignments	GRCh38	ENCSR520BAD	DNase-seq	UBERON:0011907	gastrocnemius medialis	tissue	Homo sapiens	NA	NA	NA	NA	NA	NA	NA	NA	NA	NA	DNA	NA	NA	NA	NA	NA	2019-11-08	ENCODE	NA	NA	NA	1	1_1	NA	NA	NA	NA	NA	NA	/files/ENCFF762MJQ/, /files/ENCFF902YME/	7261160088	ENCODE Processing Pipeline	8ffa595afc875ad7db5157d6b2e2b95a	NA	https://www.encodeproject.org/files/ENCFF490UZS/@@download/ENCFF490UZS.bam	NA	NA	NA	released	s3://encode-public/2020/10/06/f33e4704-10dd-49d4-90b5-b9540b5f015b/ENCFF490UZS.bam	ENCODE4 v3.0.0-alpha.2 GRCh38	released		NA	NA	Adult
